Item_Identifier,Outlet_Identifier,Item_Outlet_Sales
1103,9,1623.1548
1067,2,1373.3225
1406,0,632.90674
809,2,2355.9463
1184,5,6198.1504
461,8,1960.3267
604,3,729.49084
266,5,1917.1976
668,7,1465.4502
170,2,2950.116
943,2,1922.3297
807,7,1432.7501
1279,4,642.3881
966,9,2219.1255
119,1,801.9054
626,9,2445.682
500,7,3090.3135
9,3,3054.066
1386,5,3506.023
178,0,474.67896
165,1,2793.5532
1346,6,3256.9375
420,8,821.4874
1367,4,459.76062
867,6,2788.3704
1121,0,583.8468
1304,6,833.1417
1291,8,2360.077
13,8,3002.2168
327,6,2028.0452
1459,4,190.48601
1146,3,2858.803
1452,3,613.74603
981,5,5562.878
1005,2,2478.5134
814,5,5000.0215
899,5,2348.7756
307,0,337.0103
1303,2,3082.1333
1288,5,2380.2056
1289,3,1677.0249
1168,0,338.92166
1532,2,2920.3962
1367,3,2322.1892
740,0,493.61923
250,1,1830.7216
823,0,254.27559
1470,6,3159.9202
380,6,3923.9783
984,8,2095.2683
65,8,978.76373
613,1,1763.0632
884,2,2892.4426
514,2,2072.938
1042,5,5268.251
392,9,3268.3467
149,1,3665.1138
912,1,692.9546
610,4,681.1132
349,7,1413.5774
1066,6,2361.6863
606,2,3532.9255
1530,5,3247.949
816,2,1578.5677
672,7,2291.408
213,5,2609.8037
159,2,2639.1135
1363,8,3714.423
487,1,3224.5117
1511,7,3710.1328
1515,9,3010.3374
257,5,2603.5725
1213,3,1805.2285
61,9,4310.796
1311,7,3587.9023
14,7,2425.5686
1023,4,393.82724
228,8,2456.4365
139,4,578.3038
153,1,2380.3687
11,6,2524.7715
1072,3,1631.5552
1323,8,1990.7937
1004,1,3010.208
1175,2,2835.9104
1052,6,1688.2069
956,8,3802.4338
205,8,3680.803
851,7,827.31244
190,0,650.233
671,7,3064.2036
1107,5,5720.6094
779,5,2783.0742
985,3,1540.111
1478,1,2301.2913
1223,8,816.37177
682,2,2185.3706
146,3,2073.2654
1230,7,3127.8318
1484,1,1518.5723
940,3,2280.016
575,2,1608.0065
1221,2,2990.499
398,8,2052.235
3,4,657.28174
1278,5,6287.077
1115,4,601.21625
625,9,893.2131
504,5,1398.7147
969,3,3388.4478
211,0,490.81732
744,8,3238.7817
710,0,251.75597
332,5,6337.557
702,6,1431.6155
114,5,2127.195
883,8,954.5358
1123,1,1423.2238
1204,6,1559.3584
603,7,1769.389
908,5,5242.115
1409,2,563.82947
695,6,1606.7135
275,9,1796.6744
180,3,3417.532
1230,5,4276.4194
554,7,2029.3219
1074,3,595.5699
620,3,1443.2577
620,1,1782.7815
1105,3,2811.9072
327,1,2070.1348
1386,6,1736.6359
1201,0,296.79913
85,9,1329.5017
931,4,479.5424
783,3,568.4433
859,9,1267.1202
267,4,355.25858
1026,1,2523.313
45,0,564.3495
801,8,690.1567
131,9,1544.0924
1525,6,2076.2024
349,6,1422.1029
1269,7,2044.7535
1306,6,2399.0232
507,5,4260.179
1272,2,1639.2766
1284,5,1943.8333
603,9,2154.4263
623,7,4099.8076
1329,0,597.8073
121,6,4174.565
1321,3,2378.207
878,1,2262.2505
717,3,769.34235
888,9,1095.769
108,7,1367.1681
83,9,987.4828
1010,2,2388.1694
1394,6,2864.2817
430,1,4000.4956
875,8,3503.7544
1040,9,1190.4465
1240,0,309.8685
879,5,2196.3296
564,9,2794.9167
898,7,2497.9644
553,0,585.3217
290,7,3376.5989
1327,2,2631.3723
1426,0,346.3314
646,0,190.70654
1026,2,2434.018
430,3,3247.4937
869,5,3089.714
843,5,4468.193
732,5,981.44366
48,5,5656.541
239,6,1704.2852
385,3,2824.4158
406,6,4088.697
1294,2,904.05316
1388,0,346.388
1396,9,1754.1306
373,6,3226.4753
361,1,4056.9475
87,9,3701.074
1318,6,2857.1206
637,8,1649.8715
954,3,2861.168
1026,8,2539.282
496,4,776.79175
866,6,835.7681
1276,5,3481.488
770,4,622.8527
248,2,3187.6016
1246,8,2919.3167
1234,4,241.65712
896,5,2992.9766
20,7,2070.712
1043,2,3130.4155
591,7,2479.1675
186,3,1826.8177
664,8,1773.0765
623,9,4183.745
695,2,1758.8568
577,6,3169.9243
353,8,1945.7266
465,5,2937.099
1280,4,196.14049
814,3,3212.8086
198,2,1573.5981
847,1,3957.97
1393,2,2192.3108
641,4,331.96774
951,5,6456.529
591,8,2450.9424
1540,8,3957.3953
84,4,533.18915
1089,1,2275.832
669,8,3316.1511
860,6,3004.5225
1319,7,1907.8114
241,6,1465.8617
1132,3,3116.293
1261,8,2584.3708
818,4,595.8903
270,2,1569.0222
1189,1,3955.6543
159,0,570.3179
316,6,1511.85
1072,7,1727.0508
1034,8,1153.3881
907,9,1709.618
1506,2,2346.5386
1361,8,2017.4769
401,4,587.51984
411,2,3166.4812
280,0,189.69301
1410,2,3891.1858
509,0,420.90518
1085,2,1699.128
1072,0,315.18787
1168,2,1916.9019
27,1,783.9834
1280,9,738.6063
459,0,261.15613
689,2,4128.9136
991,7,4009.559
1111,0,494.81686
451,4,307.50372
1103,2,1666.4707
265,2,3717.5466
1458,6,1554.355
61,6,4122.3003
269,5,4667.623
1164,8,1255.4796
1181,1,789.5673
487,2,3273.9114
1487,9,2124.4126
1179,3,2467.4993
243,5,3777.8225
958,9,3412.2866
1491,8,3053.0256
1498,3,2757.236
1528,2,3229.2822
800,9,1790.3192
424,5,3823.6401
557,2,3588.871
1282,7,1837.1633
1518,5,3709.8801
1481,1,2248.087
134,6,816.6784
492,6,1285.6338
177,9,2068.3806
746,7,1026.9158
1154,8,1933.098
914,3,1876.8599
64,5,2044.1785
170,3,2735.6345
1306,2,2399.0713
399,9,2399.672
406,5,5981.604
969,9,4053.3418
1191,4,366.99658
499,9,1400.7014
16,1,910.83276
625,8,981.6294
447,1,734.495
143,1,2028.9823
1444,8,1699.5399
695,5,2400.5667
962,5,3725.9514
1262,1,2983.7266
996,7,2014.5074
1387,7,2724.7346
836,0,421.2292
110,3,594.37445
1333,0,708.3794
25,2,2907.0754
1314,8,3179.2014
433,6,1760.3799
630,6,1488.0123
628,6,2545.6443
1492,5,4326.8237
1441,8,1746.5464
867,1,2762.5984
211,5,4186.6626
472,1,1409.3948
1511,1,3529.4387
1271,3,1961.5035
1058,2,2174.4668
1288,2,1590.0381
644,3,1220.297
188,2,3713.7527
572,8,3202.4722
761,7,3917.6123
1071,3,1971.8245
902,9,1643.1813
1478,3,2088.3936
1373,1,2867.4724
237,7,3015.0063
375,6,3269.1558
725,5,3257.219
294,0,278.36578
1210,7,2345.6958
1234,6,990.53656
309,3,649.64044
1528,4,492.83652
764,2,3332.8235
1047,2,4361.1484
1172,4,231.91936
1422,2,1757.8239
822,2,1945.6848
901,2,890.7664
743,7,1706.2339
1269,5,3420.082
373,2,3125.4568
666,3,2745.1333
126,2,690.5202
658,9,2831.8242
112,8,3848.6555
1052,9,1679.6814
66,5,2226.2336
146,2,2393.1506
384,5,5035.9756
1129,8,2524.1653
1150,9,1558.7451
1256,7,3033.1965
717,1,847.5814
578,4,324.27597
126,6,740.06525
825,1,3318.2615
1274,3,2749.0625
1297,7,3604.3877
1172,2,933.9224
437,9,2731.4822
529,1,2890.6738
674,0,669.27747
1159,6,2069.5408
1231,6,1391.4308
1479,7,838.4721
141,3,629.86395
1538,3,2158.9087
262,3,1789.6409
221,6,1674.1732
1157,1,2590.605
628,8,2951.5647
1235,2,4141.5845
940,4,493.506
1271,4,383.0719
584,5,3691.0972
609,2,3981.0366
963,8,1604.6758
561,2,4278.5127
775,0,601.4226
898,2,2523.2717
729,7,3470.164
1072,9,1727.0508
1173,6,2942.7722
29,2,1431.0903
1041,4,194.62848
289,7,1765.01
639,4,340.3148
1416,0,597.1301
627,8,2852.983
1401,9,2093.5234
976,7,1580.6564
1242,8,3166.753
756,1,4054.4429
1389,7,2110.8513
1064,4,464.1502
737,2,2106.9795
556,8,2537.2544
680,9,1390.1635
645,7,1890.0789
1238,5,2994.927
1254,3,1668.892
297,8,2156.525
1358,6,841.46277
490,5,2885.0771
949,4,316.11606
1475,8,2716.4155
932,6,3169.3245
944,9,895.2588
918,7,3074.476
718,7,1394.8245
1487,0,387.74445
1462,9,3151.3977
1413,3,2792.2883
964,7,928.0292
918,3,2785.2576
320,8,1753.5215
1360,4,345.71207
416,9,3653.2983
67,6,864.54596
697,4,680.8621
284,5,5358.017
239,8,1700.6528
454,5,1145.3406
1032,8,1103.36
398,6,1997.1442
885,1,2248.8103
1374,3,3166.846
26,6,3933.9993
30,9,1290.9652
1371,7,3695.0342
746,1,961.701
668,3,1342.4862
1249,8,2736.5928
344,0,472.5002
506,1,1854.4171
799,3,2818.408
631,5,5280.1406
694,0,250.92296
639,1,1548.957
814,7,3875.6702
1193,3,2610.7705
811,7,2009.2566
1064,9,2886.9968
719,9,757.348
525,3,1347.5579
875,3,3162.6697
993,1,1882.6289
1008,6,2887.196
652,8,3733.65
1390,5,5348.1323
661,3,2305.3245
1177,0,424.16016
1059,0,326.36774
284,8,3059.9622
1025,2,2144.1472
77,7,2775.4568
655,6,1567.174
382,5,1577.2059
994,6,1450.554
230,9,3698.6963
1016,9,1679.9471
809,1,2377.8728
1254,2,1829.9568
459,9,948.3805
626,3,2344.2117
1433,5,3935.3127
1413,4,451.7252
630,2,1447.4586
1364,2,626.11505
540,1,4280.689
765,2,1634.6318
785,9,4033.5264
779,3,1371.9119
992,1,2582.5312
444,0,187.92834
1030,4,196.8501
625,7,984.2673
855,8,3089.5261
1039,9,3445.3152
987,4,295.0402
774,0,1122.4219
1107,7,3623.7476
1471,3,1343.2454
1199,5,2577.9272
203,9,4190.6895
332,2,3773.5847
806,2,2164.4368
180,9,3507.8408
1216,7,2751.577
1278,7,3716.7988
1497,8,1761.4274
1258,3,2319.4534
1189,8,3811.6672
1275,7,2793.059
644,1,1391.0669
580,0,417.92993
194,5,3536.3706
943,6,1939.3892
1475,5,3887.9832
1125,9,3186.2524
556,1,2551.8914
0,8,2070.2195
715,0,579.5074
349,1,1379.1614
1325,7,3643.4753
1012,6,758.7962
223,3,2799.4158
251,0,309.1662
289,8,1989.4891
864,5,2910.5056
79,7,3361.2178
409,3,3778.9045
969,2,4085.4207
292,4,260.0607
1431,2,1891.1681
865,9,2849.848
1142,7,2427.4658
270,4,301.0575
780,6,4134.7974
583,7,2318.464
631,4,655.9759
183,7,2110.1511
1223,3,708.38495
912,8,718.36017
10,9,1976.737
825,5,5056.4565
768,5,7016.3135
339,6,2761.1152
68,5,1716.7284
916,4,579.94037
281,6,3009.3965
844,7,1371.1598
1109,2,3146.1658
816,6,1539.0874
183,2,2036.6655
956,4,586.88654
366,2,3171.7927
822,7,1952.8914
1174,9,3721.4856
1060,2,2129.39
570,2,3771.9102
684,9,2699.1282
616,4,653.5159
757,9,1378.9976
225,4,327.09106
1442,9,3945.1523
735,5,6481.5146
1130,3,2482.0522
727,0,617.5039
660,8,3543.5151
378,9,4115.23
876,2,881.83167
1386,1,1735.6967
568,4,566.158
38,5,3690.089
449,3,2287.6626
766,3,1355.8137
98,5,2789.693
1481,4,500.36703
339,9,2868.573
466,9,3218.841
1327,7,2628.0164
953,9,910.10547
19,3,2870.5146
1054,1,3022.1914
738,9,3344.799
429,1,3782.2825
819,5,4143.793
1425,7,2221.2195
374,9,1717.4034
107,1,3581.0488
73,7,1315.4503
955,1,2735.1584
302,3,1447.5509
754,3,1654.4268
641,5,2638.2642
714,0,276.91788
1082,0,329.13293
1172,7,1004.61707
195,0,578.1362
636,6,2124.5918
1329,2,2921.2908
1066,4,370.1256
1143,5,3983.872
1504,5,2635.8362
1126,2,1517.1837
124,7,3245.2168
172,7,3639.9897
841,8,726.119
1237,8,3286.4111
394,2,2538.9338
555,1,4114.005
1045,7,1422.0812
659,7,2524.7876
737,5,2827.2375
487,7,3157.7915
141,1,767.6232
186,2,2118.632
194,1,2150.0115
1414,5,3098.2974
803,3,2218.495
497,5,2921.9697
1236,5,3084.3125
1209,3,2401.448
1156,9,2053.282
1316,2,2191.2017
79,5,5656.999
791,1,2210.8853
1069,6,1392.5481
979,8,802.3669
835,0,509.30435
803,0,409.0462
890,8,1927.9976
1077,3,2909.7102
1114,3,3360.6997
1425,1,2275.3643
1092,0,379.48206
1400,9,1531.0859
662,9,903.9692
1370,5,1053.3639
813,4,368.57364
281,0,627.6491
886,0,303.9942
974,7,2065.546
498,1,2507.8064
63,9,2835.8464
1129,1,2296.9158
1430,3,632.7918
233,7,3160.417
198,9,1533.8993
1423,6,971.2751
509,2,2252.4363
410,8,1748.3169
1263,2,1427.1444
622,9,1235.4908
1076,3,1404.1559
213,0,305.14133
129,1,2146.291
380,4,524.24475
435,7,1394.1953
1448,3,3270.1626
68,3,884.24023
95,1,2343.4536
92,5,4843.7705
1167,6,3098.5972
788,7,1914.8458
1227,7,2486.375
372,7,2143.5828
148,9,2699.0037
408,8,1113.9111
336,4,613.179
1456,5,2257.873
1033,6,3986.89
143,3,1767.335
1373,6,2856.0256
821,9,2956.8125
1279,8,3791.263
134,1,806.5717
1145,4,368.76596
1031,5,4683.852
1255,5,4306.8037
1105,9,3158.1624
1110,2,3126.1514
24,1,3729.1145
295,8,3454.45
1084,1,727.37445
523,2,1750.0143
1049,6,2849.6296
1085,8,1676.779
449,8,2523.0393
1468,5,3291.7
677,2,675.2903
579,3,3451.1868
470,1,3762.167
736,3,1846.5085
973,0,185.6648
1431,7,1689.8662
1161,1,1825.4227
732,3,523.8573
1398,9,2033.2319
564,1,2759.694
251,9,1724.7039
526,5,6267.253
1478,6,2132.8706
1325,4,635.73175
1006,3,2540.178
861,7,3142.374
268,8,2099.0312
960,1,3409.7563
1136,7,3717.691
1524,0,189.00298
1363,5,5973.0825
294,6,1313.4055
1401,7,2110.8513
1522,9,2300.1313
1003,4,491.97153
784,8,1743.614
805,7,3841.643
242,7,717.3808
1160,6,2939.1663
789,7,2528.9114
1027,8,3533.9377
506,6,1937.0032
6,9,1655.9928
570,4,623.34595
1196,5,1754.2334
208,8,3210.5344
937,6,686.5956
1027,2,3690.514
1393,5,3467.6794
272,2,3120.9407
768,3,2993.209
975,2,2896.505
1520,6,3590.4607
1281,6,841.51935
1062,7,1635.1328
1488,2,2496.9236
1291,1,2313.4067
1050,0,333.24457
189,2,2891.4138
1454,7,752.60004
547,9,1485.213
1442,0,746.1751
1203,4,331.04584
1078,6,2358.0125
286,3,3600.2114
1088,1,2881.5596
75,7,1157.9946
902,1,1721.4258
990,5,5386.9214
1309,1,2813.4436
455,7,1717.4034
1426,9,1728.1104
458,9,3377.107
39,0,381.52048
1029,5,2397.4783
1340,9,2007.3623
648,3,3085.6628
804,9,808.0653
770,2,3694.4524
895,9,1923.9872
1340,7,2047.4723
298,6,1999.8563
1173,7,3419.6807
1000,8,2333.1587
109,2,3845.3123
1369,2,2143.5933
660,6,3700.6833
1305,5,3234.2178
540,6,4111.798
944,2,894.56476
1279,5,6287.077
728,3,2784.0193
992,8,2648.5342
59,6,948.47876
982,9,2044.0598
1175,9,3136.438
1436,1,2243.3594
1539,9,2014.6205
118,1,2121.6975
467,3,1235.2963
1198,7,3719.2969
10,1,2125.438
1498,2,2996.0962
831,9,1417.2609
1228,3,2807.396
751,6,2081.2397
1110,5,4092.8672
905,7,2169.3396
1313,9,1631.9111
552,3,2577.7754
460,9,1351.657
87,3,3359.8154
184,8,2697.1418
923,0,185.21188
338,4,542.72327
480,2,2835.479
208,3,2915.8623
1015,2,2801.8662
724,8,2051.6423
296,5,3727.7275
531,5,1384.4263
1236,1,1817.5884
137,6,1341.4834
7,7,804.75946
828,3,2589.5852
1297,0,667.13007
699,8,1469.6958
1295,3,2744.835
783,6,700.3993
1154,7,1929.3638
865,2,2764.8442
406,3,3525.9731
804,3,684.0497
192,2,3857.896
720,9,1895.9946
316,3,1311.7635
674,2,3575.939
866,1,791.632
1260,3,2809.6333
729,0,630.67786
270,7,1642.388
1390,2,3108.441
580,3,2277.1482
151,4,362.7869
182,7,1522.9543
249,2,3248.127
328,9,2678.033
290,8,3535.545
1255,9,3118.728
560,8,2324.1367
10,8,2078.9438
1433,9,2922.6404
1127,9,1654.5857
358,9,1414.1212
1227,8,2476.787
282,9,2333.0283
722,2,2523.2317
496,2,4044.3462
722,7,2470.879
1110,1,2987.379
1353,0,185.21188
378,6,4167.327
993,0,359.2202
1342,3,1815.6744
13,4,593.5296
12,6,1548.9515
1005,6,2442.103
980,6,3192.0984
1430,8,706.0241
217,3,825.9963
342,1,1390.3765
65,0,244.67767
188,7,3682.2148
998,8,1854.85
632,1,2173.7532
637,5,2764.795
843,7,2930.9165
627,7,2837.606
803,9,2418.5554
69,3,726.7506
616,5,4107.6826
601,4,552.1565
1459,3,490.5134
119,8,889.865
1138,1,2642.3938
109,0,559.23334
996,3,1702.8027
1163,7,832.0845
1403,3,1878.8851
1390,3,2601.636
782,5,3579.6904
1115,6,4202.811
1357,5,5021.3477
402,9,2815.9902
56,2,773.9713
1165,3,3677.7751
765,6,1570.3585
1006,2,3504.4846
1273,4,486.32965
96,2,3573.637
864,9,2116.683
615,5,5141.435
760,7,2075.9602
971,6,1367.9681
433,1,1799.2831
34,0,559.01575
1371,5,6401.638
828,7,2574.959
1508,6,2158.416
691,1,4515.453
1384,9,2125.7554
1035,4,507.66928
390,2,945.991
1298,9,2922.4626
145,6,2458.4155
116,0,193.63869
831,3,1339.7351
1104,9,1315.8082
877,9,745.24896
1075,2,770.6596
976,6,1509.7152
158,5,5023.7246
463,5,3476.9465
1085,3,1431.3289
493,5,4586.734
958,3,3147.5618
376,5,3017.7268
991,4,550.9068
330,4,501.12546
568,9,2662.4333
408,7,1071.9113
275,7,1883.5548
596,1,1492.1415
738,1,3060.635
1069,7,1388.7125
1107,2,3764.4995
809,5,3407.3765
950,8,1748.839
315,9,1359.8281
1386,3,1519.9248
187,3,586.184
1240,6,1952.757
345,7,2387.179
1538,4,442.36932
229,2,3087.8337
161,5,2351.532
287,1,2279.9866
590,1,1491.8252
1413,9,2999.2075
528,2,582.6392
821,6,2996.2842
1304,0,203.14694
552,8,2771.7
1453,8,1955.5603
269,8,2412.8716
1260,2,2909.179
847,0,657.346
1380,9,2113.7847
378,5,4059.4116
1122,9,1553.1057
314,5,2788.7263
1127,1,1744.3086
1286,1,2743.01
1003,3,2255.2205
482,8,825.0334
1386,8,1737.784
294,5,2050.2664
486,1,3860.6162
1382,9,2207.1787
417,3,1669.51
8,0,196.32439
199,5,6155.0415
1253,5,3753.1357
360,8,2485.3916
833,5,4303.9316
465,9,1833.6846
1389,0,346.7151
363,1,2245.0215
521,0,355.02863
623,6,4104.607
235,5,5080.612
1514,8,1955.731
1385,5,2649.748
1488,0,423.20813
810,2,1348.5833
455,0,319.5421
431,1,793.6223
1281,7,834.2932
243,6,2421.9353
23,5,1234.8497
931,5,3449.246
835,5,4054.3164
939,2,1428.4954
1034,5,2017.1676
1196,6,967.97516
212,1,1419.6973
114,3,1265.13
5,8,2372.5234
531,8,978.42487
803,6,2411.4607
737,6,2029.7938
1021,5,4150.0884
1462,7,3085.312
689,0,598.9114
905,3,1872.4724
653,9,1906.6891
1025,9,2073.8113
1176,9,3663.037
62,1,2705.1758
304,4,308.5068
1366,5,4983.7607
1382,1,2140.2317
365,5,5153.303
328,2,2613.1238
783,2,631.07587
860,1,2980.1821
1084,5,1128.8092
521,8,2114.2761
1309,6,2839.2156
320,1,1676.9634
1291,7,2361.3528
73,9,1281.6654
1187,7,2818.8237
1474,2,4247.8506
1228,7,3596.3098
597,2,1487.79
1225,2,3178.3162
823,6,963.7965
1405,9,1051.8569
1277,5,3432.4312
542,2,1637.9158
765,1,1722.4801
1024,6,2818.3767
295,6,3735.2815
35,5,6910.594
570,8,3598.7498
145,2,2346.2039
643,9,1655.9043
352,6,2171.4768
630,7,1397.6929
1443,5,3189.1174
788,5,2475.4407
957,5,3193.215
991,9,4053.3418
1422,6,1698.3917
392,7,3067.6104
519,1,3117.8342
754,7,1779.7976
524,7,3092.3682
1279,2,3891.6165
1539,8,2006.0157
560,4,494.49063
1000,1,2288.8523
260,8,1287.6172
1456,2,1015.67413
1396,2,2119.7383
225,6,1391.3846
393,1,3293.6238
833,6,2501.7751
1476,3,2666.9968
1132,5,5535.642
869,8,2207.901
1537,5,3275.1616
216,0,456.8412
732,1,656.0128
739,8,881.05054
881,3,3591.5413
853,8,3103.9792
90,8,2641.3684
996,5,3536.5583
333,6,1008.0969
1478,9,2126.0024
107,3,3105.0376
571,8,1394.477
816,8,1507.8193
697,5,4942.8228
566,9,4181.221
197,7,1730.2188
932,5,4339.7993
521,7,2100.6536
250,5,2826.751
1438,7,3307.1216
728,0,608.6803
196,5,4799.447
1051,1,2537.8586
1071,9,2218.6008
1342,4,419.68906
261,3,1207.2075
323,5,2685.046
411,1,2830.6882
382,6,994.8149
874,5,2254.473
906,4,545.22705
162,2,3497.9932
630,9,1379.1102
602,8,2197.3364
1245,9,2530.4958
1183,9,2281.5493
715,8,3226.6365
811,8,2169.4768
156,3,1833.3528
584,8,2520.0505
617,3,2698.5906
1362,2,682.85895
110,0,175.53424
1293,5,6396.0728
413,9,633.58496
87,7,3659.3474
555,6,4010.6511
1281,4,202.92996
691,4,661.0775
554,8,2044.104
942,5,1398.746
299,3,1395.6986
155,9,3462.2236
583,5,3943.8848
1378,9,761.3343
287,7,2144.004
174,7,1407.1823
600,7,1324.4955
1019,7,1688.2751
349,8,1411.4911
1365,0,448.714
1346,7,3333.5527
859,7,1266.6416
1254,6,1837.1633
876,5,1810.9135
1063,6,1274.0072
591,6,2524.1987
897,3,1319.6018
259,8,3419.9285
950,6,1774.2596
561,6,4219.2324
1314,7,3257.3647
1207,8,975.72565
358,5,2609.8037
687,1,846.9
562,3,1237.0594
734,9,3925.0122
1288,3,1391.4188
1428,1,2543.584
1243,8,1469.422
66,6,1576.3182
377,7,702.3913
1336,7,806.4367
634,5,1772.9174
862,1,1052.524
97,2,2818.4224
949,0,293.04095
1008,8,2833.8855
1313,2,1663.3333
1099,8,2675.9119
892,6,677.3526
666,2,3087.8337
171,7,2052.8586
154,8,4078.386
598,8,2750.8738
533,7,2071.2632
1121,1,3594.8333
1540,7,4024.9033
312,5,4426.8613
301,2,3158.676
900,1,3320.714
1394,1,3225.7854
920,1,3062.7112
1466,5,2653.3528
1414,0,338.7983
390,3,830.8953
1264,1,1403.9144
442,2,2105.0032
5,5,3521.3599
181,3,1272.3168
210,7,1561.9858
488,2,3386.4585
1253,0,415.8059
440,1,2143.8665
1381,3,2376.5327
920,5,5397.1504
200,3,1274.3102
1436,5,3375.081
523,1,1778.5178
703,7,1979.2959
964,1,869.2528
372,2,2087.2632
1159,1,2243.9407
100,3,572.8677
926,5,2497.1213
970,3,537.90826
946,1,1708.0367
498,4,573.90625
858,3,3444.8074
311,6,716.0544
1195,2,3439.2725
912,9,656.8469
999,9,2949.8064
399,6,2418.0095
1485,7,3772.5876
55,8,3229.894
73,6,1296.4183
656,6,2336.123
600,3,1177.7068
1477,9,3369.2627
1266,1,3852.0933
573,6,1921.2042
1157,4,531.32074
1436,8,2141.651
380,1,4029.149
611,7,1706.8218
1059,7,1864.1666
371,7,2161.3145
1183,2,2368.288
768,2,3817.99
760,5,2959.299
525,2,1798.0704
253,9,1480.9071
85,5,2101.7087
1513,2,909.7681
359,2,643.5235
756,3,3186.826
91,3,3073.4546
907,2,1844.0522
1159,8,2081.1658
1118,9,2515.918
1167,3,2716.8552
556,6,2615.3184
783,1,698.00476
1276,3,2296.6462
424,9,2479.6724
45,1,3294.0713
70,9,1163.5884
1456,6,1076.1302
190,4,549.69775
1224,5,3395.328
840,2,3169.7275
19,5,4722.891
521,4,360.89252
186,0,438.87604
762,8,819.47925
1479,8,843.6119
546,2,1679.7006
453,3,2226.7393
1007,1,2500.0413
50,2,2363.7532
419,5,2573.6953
825,0,643.128
1250,8,1502.0045
50,7,2374.1206
904,3,3270.0022
983,7,836.67523
22,6,1604.5028
1073,8,3591.2043
1,7,2595.8306
377,9,702.3913
1143,1,2501.465
906,3,2503.4963
253,8,1484.6414
1442,7,3955.6184
108,3,1243.019
1469,2,2041.8319
136,1,1856.3328
56,5,1431.02
272,5,5113.2773
903,8,2345.25
1340,3,1756.6421
685,4,371.60312
1390,7,3091.7732
269,9,2384.9055
778,7,1293.7312
1479,5,1374.8837
1459,5,968.5603
292,6,954.97754
793,9,1632.2598
1211,5,3355.1445
29,4,304.69925
1393,4,375.67813
629,6,2890.2695
471,2,2832.249
786,1,2727.1694
172,0,968.36865
79,9,3337.5276
1169,5,2624.9875
1541,6,3175.0706
1384,1,2518.3857
3,2,2459.5837
44,8,3809.0806
1307,9,2798.3225
364,3,2273.5273
219,1,786.61755
839,1,4094.0327
824,3,2366.4302
1501,4,358.77942
1098,6,3641.0127
986,2,1605.4124
1153,9,1260.388
1156,6,1797.3513
1100,7,4022.191
909,0,731.7841
424,1,2483.1855
549,2,4054.9084
1470,4,540.43317
867,7,2681.0337
1482,8,2556.7505
519,3,2746.9873
1139,7,1381.0164
923,3,567.56146
713,2,1793.7388
1516,9,3419.368
1154,2,1994.887
510,5,4959.8037
106,3,606.09674
306,4,576.55334
1388,6,1697.2395
714,1,1391.0669
1386,0,378.62476
317,8,3210.7422
1333,5,6168.44
1216,1,2817.975
1102,1,2809.4038
161,1,1788.2035
925,8,965.51874
760,1,2073.1106
307,5,2882.3186
1185,6,3575.2224
716,0,729.2383
290,5,4499.1973
130,5,1013.2522
909,6,3473.5989
246,0,251.19717
94,6,1035.0303
210,8,1521.1906
589,8,2923.786
1501,6,1879.77
1238,8,1665.6232
243,1,2388.669
280,4,190.1773
1194,9,1468.6442
298,1,2113.9448
423,5,1397.4309
587,3,579.4466
657,5,2720.3325
508,5,1153.2822
860,0,466.88245
1033,2,4016.1936
28,2,1572.6467
816,1,1623.105
758,0,557.6583
1270,6,973.2258
771,1,820.4452
839,6,3999.017
706,8,1776.7157
733,7,725.07446
1114,9,4083.836
1475,9,2935.9285
825,4,566.22107
338,8,3005.519
1230,9,3351.057
1017,7,1408.6461
1535,6,709.5648
1002,7,3057.9949
616,6,2840.4783
1008,2,2773.9465
887,3,1601.8309
151,9,1523.4213
729,2,3634.5857
209,5,2832.9148
922,2,3253.915
67,2,782.18964
1184,8,3649.4666
363,5,3818.0774
676,0,303.458
775,1,3936.4246
1348,7,2857.1047
325,4,497.426
192,6,3899.7498
432,7,2158.9016
1452,2,672.56964
982,3,1807.9344
312,9,2879.3865
708,3,2756.7532
435,0,279.21414
1112,3,521.79
1231,2,1361.5316
981,0,760.9482
15,9,1974.3046
584,7,2529.6384
667,4,550.661
75,5,1942.1478
1488,9,2455.628
842,4,602.0778
871,3,2444.4377
959,5,5118.846
507,6,3157.2395
1534,7,3701.038
704,9,1298.7268
445,3,1388.8624
906,2,2612.7231
1259,5,1495.5992
385,8,2964.2078
1511,9,3780.047
1440,7,2592.766
569,3,3938.0562
1510,0,580.4903
1455,2,895.2226
193,4,531.80194
174,5,2333.066
583,3,2409.2354
223,8,3442.2258
686,6,3963.771
104,4,455.2556
1115,0,747.0193
386,8,3646.843
916,1,2962.6296
193,1,2515.1772
789,3,2360.7502
293,7,3989.7437
1442,5,5976.0444
1407,1,889.01886
855,0,550.9029
1389,9,2093.5234
760,6,1942.9918
939,1,1291.7393
1217,3,3287.9333
533,1,2055.1177
1115,9,4279.42
764,6,3432.1462
1358,4,227.22247
169,3,1786.4636
1037,3,2869.3525
1410,5,5023.934
157,7,3094.3428
1249,6,2881.088
1526,2,724.3141
789,6,2504.419
1035,2,2445.9924
794,1,658.24493
296,3,2539.7236
569,7,4213.0986
1031,6,2771.1226
815,6,1482.6671
823,9,935.17725
14,0,502.72086
340,4,350.49326
763,9,1646.4017
352,8,2147.7783
1396,8,2050.1028
1439,3,2404.1028
1094,6,2087.1018
1044,6,2359.797
1429,7,973.7635
320,3,1492.6521
1485,5,6883.6055
922,0,558.04584
39,2,2390.0928
86,1,2864.3147
1523,1,1730.5968
26,1,3937.5283
1262,7,3020.3357
998,6,1851.1157
413,6,666.49
1064,3,2892.0918
1146,1,3164.2761
1427,7,928.9436
738,6,3199.0962
578,7,1659.442
1025,1,2182.8267
369,8,1318.149
461,5,3466.4744
226,9,939.4919
501,5,2607.504
827,1,754.8462
268,3,1848.5448
200,5,2406.7769
341,9,964.2248
1378,6,764.4652
1002,6,3308.4407
885,4,332.37335
1107,9,3662.8992
940,5,4493.2188
337,2,919.9632
1335,4,539.60394
114,8,1576.824
150,8,2029.3859
151,1,1557.1584
1376,8,2330.6958
1474,6,3923.0876
1438,0,533.1627
1525,9,2116.7446
1198,6,3830.7454
576,6,1682.7015
1329,6,2890.603
777,7,2406.3381
775,2,3868.3586
750,8,829.87317
549,5,6177.198
712,7,2516.2979
1361,4,356.6831
1160,3,2760.2358
1509,9,3658.9534
1280,5,1092.7512
353,3,1677.5991
843,1,3077.419
980,9,3154.6023
430,2,3973.5864
411,7,2699.7239
404,9,690.6342
255,6,2620.3538
734,3,3185.544
558,0,677.2079
993,6,1975.6208
769,5,1131.7283
1121,3,2731.6584
221,2,1713.6536
1326,5,5359.379
35,8,3799.872
286,5,5647.7085
1389,2,2191.014
1328,1,2197.6277
1475,2,2722.8706
180,5,5283.145
1200,5,7456.5684
701,7,3437.236
678,7,1495.7723
449,6,2522.2117
543,7,3549.598
695,1,1666.0309
1065,7,1078.5804
995,5,3779.2415
1446,0,386.22
571,5,2655.4795
651,9,1879.9237
954,7,3875.753
510,3,3238.7358
119,2,797.3676
1404,8,679.22473
719,0,188.06625
572,2,3087.8337
1163,6,839.3106
970,6,714.38934
780,8,4028.8843
39,7,2356.9236
31,4,333.35522
573,3,1754.0834
295,0,593.20184
839,5,7129.176
961,7,2038.753
337,4,258.76517
1286,6,2752.6875
535,6,1606.9338
1492,8,2556.7505
300,6,3474.348
1486,4,347.81046
514,8,2017.823
1510,3,2518.8433
607,6,681.7844
891,6,2082.439
97,7,2654.8418
733,0,188.92018
108,0,279.73206
371,0,322.28604
194,7,2088.3706
641,8,1626.6141
127,3,681.6804
40,1,2745.6511
63,6,2860.4395
433,5,2632.3835
164,4,333.9649
1086,3,1331.3518
355,8,1714.0416
116,8,782.1428
1308,8,2007.9971
430,0,615.18646
839,4,629.9471
1355,9,3294.4788
1290,3,591.8179
930,9,3862.8254
808,7,2424.7327
179,6,2616.4707
53,5,2367.4414
318,3,2267.5703
675,8,1679.2765
1126,5,2648.129
950,7,1743.9458
983,1,728.25256
513,5,1668.3962
287,4,344.542
937,9,639.14496
39,5,3472.8447
680,0,280.02338
248,5,5696.804
1117,7,2577.961
918,1,3055.2502
961,2,2058.3162
981,4,570.9231
1104,5,2073.4036
1415,8,2677.4563
584,6,2549.0593
491,9,2483.8608
802,9,1634.1858
83,1,877.69165
469,1,4118.5684
247,9,1752.8883
390,6,1008.25793
865,0,398.0917
346,7,2136.362
1428,4,477.8071
1458,1,1629.959
163,1,3739.3777
175,6,3005.448
181,7,1410.4974
1300,3,3080.4316
127,5,978.0469
368,5,5130.54
778,3,1138.846
1473,2,3139.183
1524,1,659.7261
847,8,3802.116
573,9,2091.0056
380,0,552.0643
1023,8,2131.846
309,8,835.2493
374,8,1776.7242
172,8,3557.1514
855,7,3049.679
1401,2,2191.014
275,5,2304.22
223,7,3397.4807
63,1,2872.1113
1062,8,1664.3767
377,5,1011.0523
1178,2,2497.191
410,9,1732.7963
418,4,542.1761
1303,6,3133.9458
598,4,522.9894
1328,6,2105.755
94,9,959.83685
894,6,3877.6829
26,3,3734.545
1185,1,3035.645
1178,3,2401.7927
838,5,3591.4224
1434,9,1033.9879
1239,3,1373.0233
1003,9,2354.653
1188,1,3138.5435
75,3,1099.1914
190,5,6302.054
1190,7,3081.7427
635,7,2768.1482
1182,6,1275.4312
1390,6,3156.3328
531,0,222.74506
120,1,2283.9548
1349,9,3670.7139
1152,2,578.2114
468,1,3442.8806
47,0,186.4774
620,2,1800.4613
738,7,3211.021
341,6,1118.4426
318,6,2445.7146
619,5,3274.6277
255,5,3623.6016
1338,3,1999.0061
1298,3,2318.966
1103,3,1367.0458
426,7,3834.1597
1031,2,2772.3984
849,1,3030.6565
646,4,184.28186
1301,3,3122.473
1398,5,2948.0525
810,9,1411.1378
359,8,698.5254
1464,2,3680.8088
943,8,1911.3479
476,2,3953.3289
925,2,904.9968
1309,5,4364.567
55,7,3088.0205
232,2,3110.371
795,2,3496.2798
762,6,821.5656
1091,6,2859.4824
517,0,647.0551
991,3,3060.4927
1082,7,1634.9689
1522,5,3257.0466
681,0,421.2292
39,9,2347.3357
706,2,1975.288
1233,0,336.5021
1343,2,898.6685
958,6,3370.9805
917,6,3749.5117
1379,3,817.0304
736,2,2184.6614
1459,9,652.66785
653,8,1945.5214
415,2,932.4832
773,8,2992.1182
66,9,1586.0759
951,1,4298.449
643,7,1689.9791
1419,0,341.65298
1498,6,3309.994
1301,1,3908.264
718,6,1462.0157
956,1,3935.3098
1137,5,1236.6886
347,2,3141.2012
1146,2,3250.7024
1285,3,1328.3802
546,1,1698.0857
581,7,934.8458
566,2,4013.3833
73,0,279.55823
808,8,2424.7327
1201,2,1463.5398
689,3,3539.2412
1315,6,2075.6433
616,2,2775.3474
1395,5,2708.1812
1471,1,1247.5181
276,4,382.95456
336,1,3306.5515
988,7,3204.2473
211,8,2753.3489
1344,2,1360.1927
1223,6,816.37177
490,1,1711.4523
404,1,665.33044
950,2,1755.1249
366,3,2884.5674
1048,6,2074.1382
910,9,677.44147
15,2,2305.8418
370,9,2266.1533
1050,6,2132.6855
1152,9,684.36346
1027,6,3687.7349
1074,5,1033.0376
350,3,1393.0474
156,2,2121.7546
440,8,2067.4304
1417,1,1708.5339
1114,2,4087.3252
365,1,3010.8076
868,7,3766.6602
852,6,2469.4568
948,0,300.4553
271,1,2191.7356
822,5,2692.9932
811,6,2097.0754
670,9,3975.52
1368,1,2541.8499
693,5,3965.2234
331,3,2216.8406
165,0,473.2029
1116,6,1261.7186
168,7,3211.7031
370,1,2244.2356
339,7,2725.5159
78,8,1913.5786
811,5,2689.5823
587,5,970.9048
9,5,6397.1665
265,8,3411.6428
352,7,2069.6304
919,7,2041.0729
1541,8,3264.3452
332,3,3854.7197
826,6,2526.5142
1309,4,492.51944
1208,8,1296.8656
1339,3,2231.3716
391,8,2141.501
1408,6,1714.5168
1075,3,728.3648
1521,3,2963.6787
1259,6,837.88055
493,4,469.40967
417,8,1815.9569
623,0,697.65283
1065,0,233.58475
1110,6,3009.3965
1353,6,741.3146
556,3,2273.812
1258,6,2522.3376
76,6,3011.4795
1374,9,3680.5771
31,3,1291.7767
284,2,3083.5955
195,8,3707.065
129,6,2294.4849
752,3,710.4013
1256,2,3104.77
920,2,3165.1543
1437,3,787.6672
362,6,2341.3765
624,3,3383.3533
1149,6,3770.0608
360,2,2484.194
933,7,3017.8848
641,3,1379.1702
1460,3,2487.5693
476,9,3990.8965
1120,2,1739.6718
836,6,2339.5242
1155,1,4257.294
1255,7,3300.095
1516,8,3300.8447
618,7,3039.0227
498,5,3750.8142
1489,9,2942.4255
271,5,3349.5625
554,3,1831.7395
1354,2,3026.9434
227,4,576.47424
55,5,5397.5386
1212,9,824.3919
230,4,743.0026
844,8,1368.4308
1411,4,203.44583
1397,7,3134.0452
789,4,481.39752
693,3,2422.0615
567,1,1351.4392
962,3,2300.0664
1071,8,2269.7222
1016,0,305.03067
441,1,2419.0193
1055,9,3462.7258
573,7,2016.3025
585,5,1006.02045
1440,8,2535.043
512,3,2746.9873
1123,9,1454.5345
946,8,1668.4828
915,9,940.9648
1231,3,1244.7313
1090,5,7057.1147
131,2,1546.1223
511,7,1299.7352
166,1,3138.2407
524,4,653.9254
808,2,2367.563
1445,4,524.8326
422,9,964.15625
10,5,3102.7954
1051,6,2523.5469
803,7,2936.0505
333,0,246.61678
814,1,3852.8086
304,9,1471.4052
670,0,551.9637
953,8,936.63837
947,7,3149.909
960,9,2841.0503
271,0,360.28265
1419,5,2653.948
788,2,1827.7561
814,8,3656.001
68,0,260.9599
404,7,729.1221
1347,1,1744.6907
831,8,1415.1746
1105,6,3016.2869
507,1,3115.5017
119,3,731.6096
426,0,648.98126
1078,2,2364.8254
1116,3,1179.2433
246,1,846.4596
1467,3,4108.168
535,8,1583.095
202,4,273.51053
593,5,6578.109
1057,3,2180.8206
577,8,3084.3433
1121,9,3883.0115
515,6,2608.1978
836,7,2314.9312
403,6,2561.127
877,5,989.6804
542,6,1620.358
325,3,2296.2744
1400,2,1562.508
949,8,1566.9264
1521,9,2790.0645
510,6,3804.5151
1254,5,3017.4746
740,4,564.9302
1114,1,4132.955
672,3,2269.7554
1046,6,1334.7825
1532,1,2930.5671
585,0,206.15962
847,3,3074.9646
532,8,2510.8506
49,2,1304.0682
761,1,4004.645
1004,2,3154.351
576,7,1678.866
406,1,4298.449
156,6,2207.6238
1093,5,1851.6768
1288,9,1605.515
59,1,858.7513
1310,9,693.1965
506,8,1930.8881
319,8,2457.3215
762,4,198.7638
944,7,895.2588
365,3,2839.059
1139,8,1378.93
629,5,4129.127
488,9,3164.5923
864,7,1953.6394
298,7,1999.8563
1065,8,977.82367
672,9,2302.0793
1441,9,1669.5714
1450,2,3101.1392
1471,7,1415.4266
72,0,241.91125
239,5,2655.9055
913,0,403.73743
238,6,3824.7312
923,2,625.6621
888,6,1129.0088
1151,3,3014.6138
1103,8,1636.3018
22,8,1615.6766
446,4,316.81494
881,6,3912.3271
790,8,1442.351
731,3,2932.9575
314,2,1698.0056
631,7,3262.6812
1215,9,3225.0754
1467,0,687.44116
1379,4,239.16217
731,9,3305.3296
1277,2,2262.909
122,8,2867.3318
1406,5,6161.932
566,1,4193.832
812,8,3266.298
1251,7,2153.2139
1433,2,2909.202
821,0,520.80304
767,1,3819.295
619,8,2033.323
780,2,4164.1016
572,4,472.02905
1515,0,555.4932
720,5,2991.7944
993,7,1863.8951
475,4,262.27472
594,8,1852.2844
147,8,2134.4194
153,7,2381.3672
1044,5,3609.417
1410,6,3785.6348
1431,8,1699.5399
1202,3,1826.5143
670,2,3918.9065
694,8,1241.0009
957,1,2112.0276
185,6,3794.4434
316,0,303.94366
96,9,3337.2495
1034,6,1287.1105
875,5,5164.755
355,5,2900.7415
1089,2,2266.087
1268,8,3083.935
857,2,1445.389
100,6,738.99457
1285,2,1617.1576
323,2,1693.5175
251,3,1427.6682
971,3,1226.0924
1284,6,972.6585
973,8,688.102
1055,5,5409.3066
960,7,3564.057
254,0,967.22144
1459,6,685.5729
75,6,1283.0872
1384,6,2155.422
900,6,3716.7563
753,8,916.7195
806,1,2050.1033
1036,4,363.51898
467,5,2185.6548
895,5,2724.5264
173,7,740.79193
257,0,349.68384
538,5,4185.8696
140,8,2118.1213
1340,8,2017.036
1530,3,2593.584
124,9,3299.5217
823,7,827.31244
348,9,756.581
934,2,2789.3252
817,1,1877.2242
338,0,422.44394
588,4,329.36328
846,1,2113.8877
499,4,300.7232
346,0,384.36627
1029,0,311.79092
1014,9,757.348
260,7,1299.2747
1520,1,3421.6873
1444,5,2379.1694
1016,5,2627.243
349,2,1391.9164
402,5,4625.968
1020,5,1000.43646
484,2,1985.4404
520,9,947.0134
671,3,2334.826
1180,2,2980.7627
242,6,731.7517
185,2,3823.7473
1242,0,633.7152
52,9,2669.371
724,1,2163.55
1318,2,2857.3015
619,7,2029.589
1413,5,4393.7373
1510,1,2603.3413
642,5,3740.2683
1310,6,678.6509
914,8,2236.881
1380,6,1767.0851
1066,3,2248.1987
734,4,618.0012
559,7,822.4839
1221,6,2900.4387
1505,9,3151.3977
1105,8,3109.7747
15,1,2282.5742
1476,6,3140.1526
1392,3,2566.6597
263,1,2759.694
97,4,621.9333
1301,7,3826.5447
327,0,348.37198
56,1,829.2942
1089,9,2157.8586
1420,8,3080.0127
329,9,760.6629
779,8,1693.9893
881,7,3833.3223
1212,0,198.62491
871,9,2408.1538
240,7,1989.1024
1167,9,3428.8054
514,6,1995.7523
1041,6,733.283
1226,5,2469.5466
830,8,2731.0613
662,6,925.3831
336,5,5219.7676
981,1,3409.476
1082,3,1443.4437
978,8,1878.6416
326,5,4460.8774
1504,6,2146.7473
204,3,2179.5308
720,8,1909.6173
156,5,3615.5237
83,7,997.369
459,3,861.43414
1242,6,3565.015
1402,6,2724.425
228,1,2431.431
51,2,1772.0397
102,5,4060.142
811,2,2194.3354
937,2,590.2662
55,3,3162.525
91,8,3098.5466
394,6,2553.6582
1351,3,2515.7268
1000,2,2312.1199
1061,3,1329.0137
1378,7,761.3343
159,7,3031.3994
1257,3,2730.26
377,6,716.7622
459,8,974.3494
1200,4,745.5869
1215,7,3148.3184
1379,2,935.0115
159,3,2647.4265
1348,6,2857.2515
486,5,7184.048
422,8,1016.46625
887,8,1897.3105
8,6,880.2265
769,6,730.7844
541,6,950.8235
950,9,1730.6173
1028,2,3137.5625
863,9,2121.1594
1090,3,3227.888
789,0,397.9441
1351,2,2061.881
878,3,2680.6267
1230,4,659.432
351,3,868.1704
1064,5,4753.2124
1394,7,3051.7212
1441,7,1694.4956
1062,2,1684.7565
991,6,3962.7046
838,0,328.49118
626,0,433.3647
1533,8,1770.983
1500,6,1838.3981
1015,3,2678.7556
1524,6,693.7227
1042,3,2761.0435
1081,9,1286.4972
1487,5,3373.7554
1278,6,3918.9583
1070,1,1824.3768
666,6,3172.8088
495,7,811.76044
879,2,1475.0876
383,9,1969.3733
54,2,2294.6099
399,3,2281.6045
1528,9,2945.4766
703,3,2411.3408
20,6,2118.0984
485,9,1429.8918
667,8,3100.3506
825,7,3476.0972
370,8,2294.1194
1399,3,730.3131
326,7,3172.7478
178,8,2951.914
980,7,3066.9539
802,7,1659.8966
1036,1,2342.2773
823,3,763.5839
740,2,3574.5713
762,1,769.3979
567,0,258.38266
850,8,2453.839
1527,9,961.10443
625,3,755.3406
88,1,2455.375
1235,7,4068.9326
1009,6,2506.1338
1113,5,4599.7646
1257,5,5393.736
339,2,2746.8218
482,3,748.1336
667,1,3053.8809
1403,2,2212.8
223,5,5049.223
1009,2,2520.2107
1400,7,1631.496
1503,0,391.77237
1011,1,1760.6119
727,9,3047.293
567,3,1085.6295
621,4,485.72107
1168,5,3048.5034
566,8,3909.5513
1162,7,1055.6753
431,8,827.8832
688,5,4314.6626
969,1,4118.5684
289,5,3465.1624
628,2,2615.3787
576,5,2789.0137
1253,6,2451.0757
339,4,554.5281
1312,9,3208.6675
13,1,2861.2693
163,6,3864.8086
1089,7,2157.8586
78,1,1905.7247
678,8,1510.554
821,8,2922.9656
935,5,2668.8164
1065,6,987.55023
1416,5,5196.129
1228,2,3495.5813
993,2,1892.3069
1287,6,704.16815
1124,7,2780.2366
1455,8,976.5592
1138,4,556.08636
191,0,276.39117
851,5,1427.266
891,3,1917.4897
1103,7,1623.1548
404,4,189.92104
408,2,938.02655
1502,5,8316.944
95,6,2394.6392
1011,6,1727.3453
1099,3,2550.5823
920,7,3085.3125
276,3,1703.8027
622,6,1138.33
1300,8,2809.0994
230,3,3372.998
769,1,739.4711
801,4,185.75194
1165,4,592.0976
107,2,3261.0295
701,2,3489.1853
609,8,3841.0852
1356,3,2511.3
566,5,5331.451
1268,0,628.7149
26,5,6568.5415
264,3,2796.289
784,7,1738.7208
1135,9,811.76044
426,3,3445.954
1100,2,4127.628
753,1,769.8508
202,3,1222.5408
1023,2,2237.276
1204,1,1575.9081
736,5,2730.7346
172,6,3638.6982
440,7,2062.6748
121,7,4128.3945
692,5,3533.8462
919,9,2041.0729
1083,0,653.2041
393,5,4522.752
1104,3,1253.607
838,3,1484.4352
747,1,2021.7306
582,5,5749.839
289,1,2021.5294
1040,5,2000.3593
1290,8,736.2534
781,0,181.49863
292,7,925.79425
259,7,3489.3643
1453,9,1995.6776
135,3,1681.3009
379,9,4033.5264
836,3,2297.2861
1445,2,3301.0496
752,8,819.47925
1493,5,4955.114
404,3,490.84457
111,1,3716.2825
257,8,1751.9583
1418,1,2473.022
1481,2,2402.2297
1126,6,1503.2866
1040,3,1195.4668
944,5,1898.4596
897,4,302.92352
847,6,3905.1863
190,7,3830.7258
717,6,818.9866
1006,5,4286.5205
206,3,727.3481
222,2,3526.9534
795,4,522.01355
649,2,3951.3647
1519,7,4050.2756
556,4,481.3073
125,1,3328.5928
1407,8,984.52167
726,1,1012.89594
1419,9,1883.3568
315,1,1303.9397
773,2,2945.7466
1092,6,2576.0332
1357,9,3866.6418
981,3,2787.296
1440,4,475.9841
647,2,2815.4656
1216,9,2944.505
58,2,2484.3406
334,7,635.5622
707,9,2880.317
614,4,246.53938
1221,9,2966.6907
963,9,1635.6096
1509,7,3628.3398
1379,1,830.23035
877,6,748.3799
1322,2,3663.8323
249,1,3226.837
1190,1,3066.6963
1485,8,3832.0215
1150,7,1590.915
1133,5,5247.7466
585,7,827.31244
921,0,782.37744
657,3,1347.5579
235,8,3197.7905
48,1,4152.5986
882,5,5409.5933
748,0,620.47864
523,3,1260.416
1459,1,612.7284
1018,2,1429.2883
1432,6,3285.1826
225,5,2181.3684
1275,5,4276.0156
160,3,1403.363
1069,2,1419.5289
805,0,585.9353
231,9,2118.1746
1429,9,966.12335
1375,7,4357.29
701,1,3357.0874
1389,8,2323.1304
1373,8,3262.1035
598,0,522.63556
387,3,3150.5955
1446,6,2200.6191
390,1,868.81476
1206,6,1090.0122
331,4,337.89713
908,2,2078.1714
1054,2,3042.9575
614,7,811.76044
319,6,2486.3303
1268,9,3120.845
966,0,404.18445
368,4,509.28488
330,1,2166.483
98,8,2053.3843
1449,6,4072.637
1370,1,659.7261
829,1,1953.8936
428,6,1535.9053
67,7,896.51807
1186,9,841.9753
1330,6,1557.5706
1273,1,3220.1345
1176,5,5274.254
221,5,2728.4197
1369,3,1800.2268
617,2,3522.39
440,5,3480.3547
1541,2,3130.3254
1331,1,3461.7256
434,5,3262.728
841,5,969.45056
1057,7,2449.859
539,5,2712.8577
503,3,2234.9333
1001,1,4325.9233
1497,5,2983.8496
434,3,1770.5869
1231,7,1358.5952
1144,9,3765.7012
1288,8,1613.0243
1207,1,824.00635
563,6,2094.7793
837,3,3072.503
940,1,2295.05
1503,2,2112.2312
377,3,600.77405
1056,8,3113.6045
453,5,4041.8674
876,8,938.7166
1370,7,707.48883
639,2,1525.4438
979,7,807.68506
1349,2,3595.2434
62,3,2520.4038
1255,4,488.30334
849,7,3053.258
1367,5,3241.7136
49,9,1309.2576
397,8,966.53314
1494,9,2513.8213
1322,4,659.06854
1018,3,1335.1721
91,6,3214.6526
89,8,3311.5806
1205,2,3156.6667
482,0,200.09152
511,3,1234.8608
982,2,2003.4855
306,5,3866.9485
43,6,3305.1414
624,8,3815.3535
1014,3,639.24384
464,3,2845.5085
1142,0,424.6364
922,4,531.7452
691,7,4408.4253
441,5,4080.9788
576,3,1381.6084
189,9,3034.3123
175,8,2952.1877
420,7,816.34766
9,1,2836.1663
1183,3,1945.5536
1487,7,2124.4126
964,6,956.64844
93,5,1303.7137
28,3,2006.0487
117,2,1965.2072
101,8,1489.7473
248,4,491.96997
415,1,837.0529
1060,6,2070.5566
543,9,3593.3806
1403,6,2181.105
393,9,3185.1316
446,0,307.80417
84,2,2498.9846
30,1,1225.324
1162,6,1081.2749
723,9,711.51935
781,3,577.26746
721,5,3655.081
919,4,381.74313
187,9,733.54895
130,2,704.18835
504,8,821.93036
1127,2,1717.5527
31,7,1422.9603
818,8,3722.6697
205,6,3921.4048
688,7,2590.4722
784,9,1698.1407
1060,1,2129.947
104,0,686.427
1365,5,3101.5117
1170,6,3243.338
524,5,3833.0425
171,4,333.9649
1041,1,717.7381
596,8,1476.8445
311,7,712.92346
1216,0,449.76962
1023,7,2135.995
1373,3,3117.9163
84,5,3339.448
50,9,2431.4468
403,1,2575.4387
1059,3,1742.2001
1338,8,2344.1367
14,4,516.05316
440,2,2027.8025
1022,7,2103.835
1490,5,5166.6064
675,5,2844.646
568,7,2554.4421
1251,5,3786.1033
63,3,2727.6038
913,3,2260.6033
615,3,3150.0798
1207,6,977.812
877,2,774.5488
1035,5,4108.526
483,0,250.84908
1103,5,2523.415
951,7,4099.8076
1180,8,2735.3706
819,8,2775.2275
573,2,2089.7827
813,5,2728.2974
1144,8,3679.1604
781,8,736.0193
105,7,4519.7285
1505,8,3163.546
836,2,2339.5723
1298,1,2851.8203
137,5,2065.3699
652,9,3990.8965
820,8,2580.777
721,1,2523.603
1517,2,3374.3804
192,3,3470.156
771,3,781.64514
1317,6,1475.6594
535,1,1770.1553
152,0,179.67671
720,2,1888.7881
215,3,3720.455
1204,3,1341.2485
785,8,3933.9595
622,1,1142.9413
985,9,1708.0751
936,6,2892.4993
1519,9,4215.1265
393,2,3254.898
472,6,1421.7391
337,6,972.7344
1426,5,2556.227
1531,7,1830.967
759,2,890.0625
769,2,725.3078
635,6,2798.6077
722,4,558.71014
271,2,2182.1597
1450,8,3135.8425
1014,5,975.897
1353,8,739.2282
1310,5,973.0437
1033,1,4136.146
1323,4,337.775
171,5,3135.368
455,3,1429.7004
880,6,1799.3433
428,5,2497.5674
1147,8,3212.2993
1287,2,632.14233
1094,2,2186.4646
590,5,2745.3977
1340,0,352.47513
1160,1,2911.4094
892,8,731.14923
452,2,3449.2659
412,6,1418.3917
960,5,4885.5205
1022,8,2060.5332
4,7,2564.2598
1443,1,2037.4121
1320,1,3562.447
998,3,1922.066
1418,4,486.74225
1063,3,1136.0261
428,1,1477.9312
247,7,1695.7596
587,9,746.06726
639,0,308.47623
925,4,239.16217
208,6,3103.8115
472,3,1300.0198
164,7,2150.6218
391,1,2262.999
638,5,3167.7092
807,2,1391.962
848,9,2529.151
909,1,3360.3582
285,5,1903.1182
1489,0,431.01022
636,0,464.1094
499,6,1470.2535
1468,1,2168.0127
963,2,1661.6929
1146,5,5643.8237
175,7,2896.7712
1152,0,192.8441
257,3,1390.9749
764,1,3273.4526
1530,6,2046.5383
367,3,2745.1333
965,5,949.47955
117,3,1571.7158
188,3,3127.2102
516,9,3036.1716
568,8,2528.2722
710,6,1267.234
48,6,4044.4883
1540,4,712.3594
297,9,2023.9409
590,7,1423.0347
513,1,850.3267
111,9,3843.8237
496,8,3967.411
1264,7,1423.323
82,6,984.9313
153,5,3627.567
238,3,3295.3093
895,8,2049.3394
478,9,1126.1981
97,6,2832.7158
33,5,5980.2554
952,3,2415.8457
1316,5,3448.0522
165,9,3042.373
1511,8,3656.0376
385,2,3120.3691
572,9,3391.0837
1112,6,687.82513
1352,5,3862.712
1241,2,3688.6128
838,1,1687.135
713,3,1447.1626
157,8,3222.674
1369,7,2085.58
467,4,261.95203
775,3,3078.0024
456,2,1595.682
448,3,2782.7302
372,8,2176.442
413,3,497.21634
1293,2,3947.5776
738,0,462.45856
1194,1,1536.0537
214,9,2342.5012
1537,9,2108.8115
972,3,1899.3718
720,1,1893.4608
1080,9,3188.4275
75,1,1246.3586
1265,2,3199.4775
563,5,3355.9375
1090,7,3935.5845
1367,2,2361.2632
518,8,1619.4443
263,8,2730.3494
1186,6,812.141
1385,6,1486.3726
1354,4,629.33655
751,9,2106.9524
163,5,5291.5747
1519,6,4060.3672
818,2,3869.8755
395,5,4359.108
1489,1,2709.2065
200,2,1375.693
622,2,1146.1351
266,1,1389.8041
1303,8,3112.5125
994,3,1406.3024
452,3,3119.1929
1402,0,480.7916
997,8,1424.4288
202,5,2065.3699
419,4,340.57767
1071,7,2233.7634
1422,9,1689.8662
1143,8,2468.816
996,8,2018.2417
850,4,515.0271
554,1,2114.9697
936,1,2707.3245
654,9,1732.1482
1296,4,192.70763
587,2,685.0275
1052,2,1727.6873
825,2,3549.406
1431,9,1689.8662
518,1,1677.6411
147,2,2121.4336
571,9,1381.1559
631,9,3313.0881
1190,8,3148.0505
298,8,2004.7495
197,5,2699.2888
371,4,332.5056
1292,4,476.06204
1097,5,3655.3247
1507,2,4032.862
1341,4,302.42343
143,0,466.19934
864,6,1970.2383
1504,0,389.39246
1219,3,1232.3003
539,8,1946.9254
1237,5,5369.7593
590,8,1380.1324
865,7,2728.9692
1540,5,7995.6157
1150,6,1567.2706
367,8,3261.9856
535,3,1308.5791
1112,1,664.89197
60,6,2281.5044
132,8,2748.694
1529,3,448.53174
665,7,1633.3884
336,7,2994.7744
819,7,2770.1543
253,2,1520.606
52,8,2636.088
765,9,1566.523
1482,0,435.22775
609,5,5703.9126
667,0,547.8613
543,3,2962.6335
184,0,439.5367
272,9,3061.328
470,6,3725.8447
1262,8,2995.3591
743,6,1714.7594
754,5,3049.43
584,1,2563.371
1011,8,1716.8524
862,2,1078.1289
347,9,3109.321
778,2,1260.1952
792,0,406.66296
925,1,834.6077
135,6,2030.6641
526,9,4273.037
788,6,2007.4451
250,2,1829.5253
1308,5,4125.7007
1460,6,2634.1685
340,3,1800.1156
677,5,1003.44147
51,6,1710.5537
1254,9,1837.1633
633,3,2698.5205
1081,2,1374.6719
1441,0,333.07706
1116,5,2310.8342
305,2,2193.8958
486,4,702.3329
1341,6,1372.3512
227,6,4083.8245
1051,3,2241.4285
272,8,3070.3289
209,8,1990.3815
1419,6,1975.956
415,7,891.04285
522,7,2101.7
451,9,1390.752
1282,5,3521.2622
219,2,800.93036
456,3,1361.6952
107,6,3332.8179
627,4,498.84186
1515,7,3002.8289
1463,2,2206.6882
891,7,2063.018
265,5,5724.8228
402,1,2780.7676
114,2,1631.2781
1179,1,2663.9016
1322,7,3611.2893
1142,6,2331.231
1261,7,2584.5632
750,9,819.90485
1091,3,2706.728
1490,3,2738.7344
1465,8,1482.8676
305,6,2244.625
344,2,2878.6633
470,2,3725.8447
1349,0,607.664
1255,3,2779.1875
1401,5,3391.6062
1180,6,2764.3794
1319,6,1907.8114
127,8,792.32745
1267,9,1895.3488
353,7,1941.9923
93,1,838.46234
897,0,276.27426
1170,9,3167.7441
1337,1,1888.8859
700,2,2565.249
1187,6,2844.6973
376,3,1336.0974
1429,4,253.4821
665,5,2690.5342
531,3,705.5778
777,5,3660.5212
257,6,1735.825
651,8,1918.756
278,6,2322.219
1083,3,3062.3328
726,2,1055.0262
1312,2,3114.8706
1394,3,2561.584
513,7,917.7969
1386,7,1728.1104
1304,8,831.05536
1170,3,2978.8157
1168,6,1902.1858
1013,7,2562.8257
164,1,2416.1323
258,3,1778.2672
593,7,3852.536
1326,9,3080.479
1404,7,648.40607
1504,2,2161.4448
1416,3,2620.6917
912,4,196.8501
207,3,2905.9685
1352,1,2752.4758
1259,1,810.8442
211,3,2442.1465
987,2,1356.6959
822,6,1952.8914
344,9,2856.22
1037,2,3137.8396
1139,4,319.32254
1363,2,3789.541
519,7,3041.945
1148,9,3480.5881
1353,3,587.8301
459,6,984.07587
655,5,2837.0906
564,3,2656.6365
971,8,1384.5927
1207,2,899.02704
1392,5,3931.9958
427,0,270.85425
1507,7,4038.6167
462,1,2205.759
1035,7,2404.0996
1488,1,2403.987
1423,8,984.96313
673,1,2660.3242
1108,3,633.44916
820,0,471.02518
170,8,2875.1306
764,5,5648.9956
445,7,1557.0663
448,6,3202.275
870,6,3801.0881
909,3,3309.9626
1160,9,2867.279
1033,5,5730.0557
1508,0,444.27905
1395,7,1664.2555
1106,8,1889.6665
577,9,3411.7065
119,9,974.9364
121,5,5495.612
175,9,3022.9204
1246,0,624.94476
492,3,1197.1339
225,1,1324.6658
970,4,190.48601
1343,4,277.82916
307,1,2052.5947
1511,6,3671.3145
589,2,2900.8035
1265,1,3107.312
552,1,2785.9336
1079,9,3150.5144
306,2,3086.5923
547,4,304.04395
1086,8,1466.6083
180,6,3478.4417
153,2,2398.5479
1019,1,1794.8226
660,9,3793.2861
1290,7,733.1225
1187,1,2808.7136
1484,2,1584.7424
360,6,2498.4119
843,3,2706.2288
413,1,618.5179
1224,4,353.5906
316,7,1501.8566
1006,9,3169.5151
624,1,3860.2322
1050,4,355.48465
1505,1,3010.7617
1133,6,3709.105
936,5,4658.659
1367,0,459.09073
1286,8,2723.6787
350,4,353.02246
1103,4,315.96048
45,8,3041.715
1102,6,2797.957
66,2,1605.0063
934,1,2782.749
109,5,5150.4663
1171,0,410.61874
256,4,537.2939
686,1,4108.508
369,7,1295.6027
388,3,2687.1052
292,1,856.91815
421,5,3297.9207
702,4,331.22238
1309,3,2650.6353
246,5,1833.2281
965,8,729.72076
1,3,2298.0703
145,0,436.07556
397,2,917.00964
1088,0,604.19934
726,4,237.5241
1390,1,3004.6174
418,7,3869.4573
1490,2,3075.2644
1358,2,775.2547
1238,7,1734.1919
968,5,3750.133
1304,7,825.9156
1348,1,2885.614
1339,7,2490.5493
863,5,3207.7407
1127,0,301.05975
219,5,1081.8021
421,8,2136.676
584,0,380.19742
771,9,918.5058
131,1,1637.5286
494,1,4138.3887
400,5,5268.7993
1032,1,884.7114
381,0,354.5802
541,3,832.31934
1257,1,3031.53
309,2,738.28986
1541,7,3111.8003
724,5,4001.083
1173,9,3172.1433
201,3,2855.3972
1503,3,1979.9899
520,2,1080.868
171,9,2052.8586
411,6,3140.549
1375,3,3940.4143
416,8,3426.326
444,1,699.197
1293,9,3834.2754
450,7,1996.3773
855,1,2968.1758
436,5,2512.3223
300,9,3305.3296
219,9,788.1005
1461,8,3558.8904
1141,2,901.897
1030,9,718.4837
148,3,2501.1807
454,2,714.4125
1469,0,367.9901
301,0,742.42334
128,6,2271.2908
1348,3,3027.386
1399,1,809.7532
1274,7,3230.967
855,6,3164.4358
1235,9,4152.87
520,0,235.40782
64,2,1426.3546
1542,6,2720.0403
331,2,2351.8352
862,7,1096.0853
143,4,480.44766
716,5,5620.9653
1088,9,2983.5967
1350,9,943.103
1357,2,3734.4294
930,3,2921.4111
865,4,427.61395
1343,9,944.6067
273,7,769.46375
33,1,3127.5266
1058,6,2161.4321
503,0,438.1853
1111,7,2810.2683
932,0,526.7753
480,9,3128.1555
1160,7,3241.6504
1030,7,686.12067
125,9,3302.182
951,4,605.28186
495,3,763.50275
1197,2,4064.001
996,1,2125.634
663,7,922.87506
737,9,1986.9423
512,1,3089.2568
278,3,1770.8716
1200,7,3845.085
842,3,2954.6816
381,1,2122.9187
294,7,1372.7953
856,2,2347.8293
59,5,2347.3608
1117,2,2571.925
132,7,2579.713
1089,5,3819.8433
210,9,1545.8047
636,3,1876.7863
340,5,2901.8608
73,2,1372.6001
945,9,826.88556
1301,6,3806.572
727,2,3120.9407
236,1,4147.747
1226,2,1681.6617
308,7,2820.7744
1002,2,3111.1287
1034,2,1143.8406
1529,1,667.51483
1354,8,2807.0193
69,9,910.54816
954,8,3766.0972
1052,3,1383.2631
1016,7,1592.1423
680,2,1454.9047
1135,6,818.9866
346,3,1851.0093
1410,1,3762.495
1013,5,3534.1526
1220,4,720.29974
74,3,1195.54
1532,7,2952.9795
61,1,4326.884
1274,9,3366.1885
1502,7,4556.815
1239,4,352.44003
1414,3,1858.5731
1423,7,955.1517
1509,3,3501.4263
1406,8,3980.4456
202,0,257.44232
113,1,2574.1873
25,7,2708.6377
1067,0,280.16364
592,0,222.16302
964,3,803.84064
70,5,1915.8126
749,5,3568.54
317,2,2911.3057
1247,5,3458.2434
355,0,337.27585
406,7,4099.8076
1334,8,688.0535
942,1,761.5616
972,8,2286.6846
311,1,752.0632
1068,7,2535.5051
1482,7,2581.5764
1319,5,2992.8425
307,6,2044.0924
418,9,4248.875
478,2,1120.0955
930,2,3824.2656
135,1,2048.6787
295,2,3959.3694
236,6,4056.1167
1180,1,2709.5078
98,9,1983.3854
318,9,2399.4111
981,2,3542.3538
1397,5,5342.7256
572,5,5481.9995
574,2,1678.4958
1347,6,1697.2395
1228,5,5244.0557
184,3,3207.2556
1455,1,833.85394
947,6,3049.3416
99,4,552.7022
1473,8,3157.5256
1007,6,2422.3762
62,5,3637.5674
1316,1,2192.5933
183,9,1976.0433
1021,0,438.62064
1477,7,3249.7974
1470,7,3093.4163
686,8,3873.3325
581,0,234.17871
1183,0,423.45105
501,9,1467.7335
931,3,2194.546
1277,0,359.52982
685,2,2243.2944
503,1,2527.1624
769,3,624.4879
117,1,2047.7328
1226,6,1685.5887
256,6,3413.2026
1116,7,1191.4287
1229,1,1646.8019
583,1,2360.6174
687,9,926.28094
102,2,2251.135
220,3,3090.3364
1242,9,3177.3958
472,5,2314.4111
991,2,3992.0085
314,0,327.4673
207,2,3177.9575
191,3,1283.4554
1412,1,2024.8887
581,2,902.5614
90,9,2693.2415
313,7,1556.8636
1070,6,1725.7759
22,3,1320.6089
443,5,3720.4177
1509,5,8666.675
844,3,1228.6936
394,1,2405.2334
1529,4,194.62848
489,3,3155.3042
827,8,718.3288
320,2,1676.7744
678,4,355.98053
42,7,2426.137
47,1,785.07776
1407,4,249.43965
226,5,1669.3701
531,1,805.0063
680,1,1389.8252
1116,1,1216.9573
930,4,593.9183
1014,1,709.90686
983,8,766.7702
1004,8,3225.7512
1432,5,5087.793
606,5,4685.1675
67,5,1189.3511
971,2,1415.3007
1068,2,2568.6743
798,7,2097.2004
1329,5,4373.1772
105,4,565.3059
251,6,1786.5225
1526,4,243.84554
1494,3,2541.1316
632,4,361.34125
25,5,6672.701
939,8,1424.3186
808,3,2368.076
354,5,1112.0111
1387,8,2739.702
86,9,2806.0024
1315,2,2152.8293
1361,6,2007.8032
779,4,340.60873
488,1,3051.3066
1118,5,3474.3684
168,8,3234.4104
530,3,3504.6414
995,6,2092.0269
891,8,2067.9111
283,8,3767.7817
622,5,1908.8776
1002,3,2777.0022
791,2,2192.27
106,1,747.91113
188,9,3805.7734
60,4,597.7438
956,0,575.77386
790,4,299.71048
901,3,957.07916
1081,5,2418.8765
474,5,3509.2153
1499,2,850.78485
55,9,3243.7993
910,1,628.2177
706,5,3117.4768
752,6,821.5656
1237,6,3317.7903
1260,5,4391.1704
983,2,804.38776
683,2,3980.7712
467,7,1274.5304
644,4,284.05447
1471,5,2909.3193
230,7,3699.662
235,7,3142.374
1248,1,2090.4858
1356,7,2109.5586
1461,7,3497.3462
331,5,3829.3572
1000,9,2333.1587
342,5,2376.6045
988,3,2745.1333
184,2,2787.7944
1093,8,1116.4722
87,6,3755.006
939,6,1430.2405
595,3,2930.1658
767,5,6607.106
507,8,3177.9502
801,9,692.24304
1536,1,4123.809
333,2,973.19366
360,5,2989.0261
266,9,1391.9587
1200,1,4027.9407
1519,0,858.77246
1015,1,2812.037
945,8,832.0253
16,4,234.20686
774,1,3845.4263
1385,2,1469.4905
1280,1,660.179
416,5,5775.0566
1450,9,3195.5813
632,7,2090.9639
286,4,586.6811
670,5,6701.0293
228,3,2120.8987
1363,6,3773.3904
1497,4,286.88654
1124,1,3499.006
217,8,952.3273
254,9,3287.268
1411,3,644.416
188,5,6078.392
1438,2,3355.0894
1461,2,3701.558
680,8,1397.9656
405,8,3961.9878
329,5,1250.8693
82,1,855.69293
71,3,2533.5073
685,6,2156.216
565,9,1914.0194
740,9,3528.2046
631,6,3466.537
298,2,2204.1448
608,2,1392.0952
930,0,642.10815
420,2,721.20496
1371,6,3705.1257
92,8,3244.019
1038,8,847.0604
936,7,2858.3132
1195,7,3300.2493
257,2,1775.3053
1433,1,2937.456
706,7,1763.093
1060,3,1796.8081
1276,8,2329.2983
550,9,3525.3838
531,2,892.67395
1017,2,1458.0452
120,2,2353.682
1059,2,1817.657
1175,6,2850.2039
217,5,1835.7759
1005,7,2493.223
1247,9,2087.8955
697,9,3762.3552
893,3,2986.6125
980,0,550.9029
268,0,285.7519
1069,0,279.1771
747,0,315.40482
233,4,503.63477
1443,8,2048.5864
291,9,3285.0576
492,7,1277.5869
68,8,1069.308
713,8,1726.6556
393,8,3212.6199
630,5,2708.258
616,1,2768.7712
1239,1,1632.1897
636,5,3012.307
1192,2,1717.0647
1383,7,723.66565
1133,0,588.06006
37,2,677.26227
679,9,4085.232
644,9,1268.3058
213,9,1531.8354
1164,5,2334.3591
171,2,2092.4976
1522,2,2416.6162
315,3,1204.294
1112,4,192.70763
235,3,2768.4866
1090,6,3841.9932
1064,8,2801.3965
1165,5,6519.149
1041,7,730.1521
712,1,2550.0305
757,5,2655.161
1298,4,579.1839
279,6,2275.8357
538,0,418.75815
32,3,1266.6753
691,6,4413.225
51,5,2240.5378
557,0,544.30084
122,7,2681.4778
503,5,4052.3533
1533,7,1779.5878
1369,1,2190.2976
1216,3,2576.5479
638,9,2073.7432
708,8,3126.6235
1358,7,834.23663
95,7,2377.0886
741,3,1596.7656
383,1,2020.0419
1141,4,244.20842
1366,7,3002.9639
517,1,3396.593
506,7,1958.8652
1166,1,2455.3162
49,7,1257.3712
390,7,1108.2275
1213,4,351.0785
746,9,1026.9158
454,1,728.57587
149,0,555.71674
1080,6,3238.6892
187,8,727.3943
1300,6,2813.5044
245,4,643.5199
274,1,1008.6068
159,1,3042.6062
570,6,3664.8496
1381,8,2612.83
1482,6,2893.0566
1092,3,2313.2092
1331,6,3389.371
339,3,2442.5115
358,4,306.72717
1200,0,667.01965
390,4,255.24913
1136,2,3779.6345
220,9,3534.9094
371,1,2281.0168
340,1,1966.0542
938,3,3330.2056
1237,2,3325.1848
712,6,2535.7188
644,5,2362.171
57,2,2931.5127
1182,0,299.73434
120,5,3350.5757
880,4,325.66373
46,5,2796.135
735,7,3977.1118
908,9,1951.622
970,5,957.3996
563,8,2115.6655
663,8,949.40796
350,9,1675.6676
204,1,2317.9314
340,2,2093.8955
1132,6,3787.8428
1318,9,2922.4626
443,6,2320.7812
1359,1,3189.175
880,9,1737.4596
471,3,2709.1387
985,6,1716.6006
466,2,3194.113
105,6,4513.3965
228,4,482.85168
1155,9,4138.265
646,6,731.38446
1346,0,746.4995
138,2,2165.7083
1443,3,1914.1836
113,0,463.93256
958,1,3018.1755
843,6,3037.6472
688,8,2605.849
234,7,4945.5435
1537,6,2112.1997
372,0,337.799
1220,2,3157.6663
1492,3,2450.2385
1509,1,3765.054
1381,5,3678.7585
1048,5,3062.272
1068,9,2525.9172
487,5,5361.7646
691,2,4382.869
676,8,1476.8445
1253,9,2186.9167
1405,1,964.6241
739,1,768.16693
1269,6,2057.5981
280,7,679.0274
126,0,177.75586
414,5,2657.9636
343,5,1401.3186
331,6,2379.7532
1469,1,2043.6309
1349,3,2998.556
490,4,318.99066
674,3,3196.815
991,8,3966.7273
466,0,532.29504
1272,3,1375.6428
1272,4,322.14087
1283,7,3716.2822
1001,6,4137.8203
1152,6,684.36346
853,9,3157.0632
1427,1,818.8423
791,7,2112.1074
1476,9,3352.8523
690,9,948.09894
334,9,635.5622
673,7,2663.4797
427,6,1364.6942
575,1,1714.1986
879,4,306.50964
577,0,765.97595
222,5,5251.2026
716,9,3766.7954
1233,9,1642.3568
910,5,1118.1763
267,1,1596.2727
753,6,829.96954
53,3,967.6854
730,3,1379.4867
387,5,5480.334
669,7,2834.517
539,7,2056.552
249,7,3089.3037
509,4,375.70447
350,6,1684.1931
832,6,4174.622
1097,8,2604.2683
866,9,828.542
1096,0,528.10297
999,8,2855.9463
371,3,1828.9127
1528,3,2724.6943
303,7,4402.3184
1111,2,2808.1414
1305,1,2143.2954
1242,4,715.1093
1086,1,1448.2239
283,9,3994.8564
72,3,1188.1193
170,9,2904.119
1317,9,1537.3394
355,6,1718.8329
763,5,2407.9702
1297,2,3785.881
1457,5,4971.073
725,4,360.98273
719,6,760.47894
1446,8,2063.6816
1385,8,1407.1033
457,5,2096.7678
48,8,3857.19
518,6,1609.6572
777,1,2372.7031
664,2,2083.0168
1438,8,3344.3127
521,9,2100.6536
727,5,5536.383
26,9,4162.1167
986,7,1723.786
593,2,3913.3772
1522,8,2291.5266
1233,1,1672.5298
1432,1,3154.0112
511,6,1308.2607
541,9,922.2042
1274,2,3130.2385
866,3,719.7514
1204,8,1689.645
297,3,1866.0424
1530,2,2429.4998
192,7,3763.1802
366,6,3216.5378
1417,3,1406.6334
260,5,2054.1292
1054,7,2901.6511
1247,7,2079.842
123,8,3002.1248
131,3,1242.3011
776,8,1336.7018
135,0,334.90125
1288,6,1614.0405
183,3,1724.5042
1516,5,5378.7905
1535,9,750.62274
820,5,3666.535
1083,9,4099.5176
678,2,1502.0211
866,8,833.68176
898,3,2204.4412
601,9,2747.661
45,3,2991.9272
153,3,2146.7742
1285,9,1556.1932
475,2,807.80273
1311,6,3675.7556
143,6,2110.0374
1465,7,1443.0258
215,7,3989.7437
321,6,2081.8342
272,7,3025.5837
618,3,2790.4773
330,9,2078.569
1073,7,3484.5269
16,5,1504.1295
1536,5,5454.9355
677,7,714.0569
829,6,2279.3123
1012,4,221.85754
1185,8,3226.0415
1036,9,2276.9048
723,7,684.6429
961,5,3456.6636
827,5,1390.4529
1070,4,366.66757
990,9,2875.26
546,7,1547.3273
39,6,2404.3105
786,2,2858.7883
495,4,258.91434
899,8,1331.4258
1024,8,2789.368
1501,8,1812.7189
1125,8,3149.3425
485,3,1334.0
1213,9,2017.0522
397,1,866.1084
634,3,762.0101
405,5,6110.925
455,6,1685.3489
655,3,1300.585
1003,6,2358.0854
1329,8,2953.5278
634,7,888.4638
1316,0,345.9578
598,7,2735.4968
932,4,500.159
1055,1,3329.2883
224,6,1739.9
314,9,1676.8234
134,8,803.2723
1143,9,2468.816
774,9,3904.0146
1163,9,895.8149
774,7,3891.1272
78,2,1820.2628
1178,5,3950.8894
901,7,961.89484
826,0,399.95468
4,3,3192.261
876,6,957.7976
797,7,2839.8286
1300,1,2824.9512
1138,5,4046.4343
869,9,2204.1667
101,5,2093.645
663,2,905.2189
233,8,3215.8335
776,2,1394.5292
104,7,3281.7427
41,3,579.5267
1287,4,179.57462
1076,7,1390.8391
1498,5,4356.6787
1359,6,3498.5786
90,5,3994.4685
19,2,3250.146
628,7,2543.4878
1242,3,2746.6714
236,8,3934.28
385,9,3187.6763
734,7,3753.4045
566,6,3984.0796
1246,3,2369.2598
1202,9,2132.4404
195,6,3824.2417
856,7,2335.8562
1004,9,3306.2173
427,8,1356.1687
758,1,3728.1042
494,6,3836.709
1101,1,3091.274
1380,0,339.61282
900,5,5720.706
551,1,743.8381
708,2,2824.023
565,5,3007.7656
1362,7,756.72516
594,3,1729.7351
164,9,2150.6218
1182,3,1191.0216
747,3,1870.628
605,8,2032.8718
11,9,2467.7966
1466,2,1677.5447
285,2,1231.644
1497,1,1645.5592
1109,8,3102.4624
1533,5,2758.6858
1334,1,613.9497
545,9,1336.2148
1452,7,776.24207
1309,9,2925.6685
54,0,426.72864
311,8,734.65857
1384,5,3376.7756
921,2,4199.7046
844,6,1325.0693
55,2,3279.7378
915,6,969.584
1178,1,2490.6147
678,6,1466.1578
1229,4,363.73724
1436,7,2149.305
1282,6,1666.1235
861,3,3283.819
134,3,734.1728
5,1,2414.5781
751,5,3041.615
3,3,2419.7893
849,8,3093.1052
1384,0,397.78476
1301,5,6396.0728
1496,5,3239.8552
867,9,2689.7888
680,6,1398.689
1240,1,2036.2462
530,9,3998.228
4,5,3504.7476
1055,2,3462.2727
594,6,1789.4441
1211,6,2141.2297
1452,5,1114.6506
760,2,2166.1133
1171,1,2273.5422
1232,9,3402.9158
1421,6,970.33777
830,6,2820.438
634,9,935.848
880,1,1832.6707
1219,1,1235.2661
1217,4,598.0291
304,0,289.6396
649,9,3856.5022
1509,8,3502.6943
1172,5,1738.7245
517,4,623.9891
621,9,2481.0103
1513,5,1942.538
160,7,1689.6387
173,4,185.35962
1211,2,2486.5913
1267,8,1883.9087
585,8,832.4522
700,4,532.0797
1432,8,3205.2664
826,3,2225.44
112,7,3913.5068
1037,8,3135.918
491,0,378.3479
390,9,962.11237
1308,3,1757.0986
648,9,3414.135
1431,6,1698.3917
1526,5,1053.9486
610,5,2597.2754
1256,5,5508.6577
345,3,2108.2407
1184,6,3763.5913
1323,5,2513.0828
696,7,3820.3274
755,3,1354.1376
612,5,2609.4424
511,5,2096.0571
428,0,274.05426
105,8,4476.8965
1504,8,2106.2693
362,9,2389.3167
606,4,606.4398
649,3,3180.2473
95,9,2367.5007
618,4,552.0122
155,7,3660.1992
1262,2,3091.9092
1330,4,337.25912
852,8,2456.4365
534,7,3699.662
1535,1,718.6343
977,1,856.17474
1313,7,1631.9111
121,2,4145.864
435,6,1482.3348
1206,3,823.6632
1522,6,2334.8323
1135,5,1498.1377
1111,8,2814.9739
1504,3,1401.1866
1470,2,3115.175
481,8,2901.5261
1539,5,3345.1519
1351,8,2117.083
1122,5,2500.6704
1258,8,2502.9167
246,9,940.915
15,3,2169.219
1106,1,1873.51
238,7,3510.5017
234,2,5090.6426
544,7,2816.909
11,1,2511.1172
1069,4,330.39594
1485,3,3490.0352
2,7,2382.0989
831,4,337.1914
115,3,645.0925
181,1,1386.6315
1280,8,698.0321
20,4,429.84726
1300,9,3031.2537
934,7,3191.9062
1482,1,2493.918
881,8,3797.966
588,3,1313.115
755,2,1703.9102
269,3,2275.025
498,0,444.40402
1220,8,3163.072
1477,1,3216.0537
822,8,1957.7845
194,0,323.74533
1250,1,1618.728
196,8,3553.2988
240,3,1808.6786
1101,6,3241.1423
545,5,2446.0208
32,5,2321.771
172,2,3609.9976
916,7,3128.0125
734,6,3832.4094
1029,6,1428.1499
889,5,2574.9858
1186,5,1586.5768
1304,9,825.9156
387,7,3248.8567
871,5,3738.6316
351,8,1122.9752
1216,6,2792.708
1238,1,1685.3964
825,8,3535.2634
407,3,603.3369
1295,2,3276.1794
1234,8,904.74854
424,3,2415.2234
64,1,1510.6189
1239,7,1552.1117
1010,3,2339.0605
1210,3,1822.4163
417,2,2084.8252
1302,7,1606.3004
1188,6,3275.454
203,1,3963.6296
875,6,3499.643
899,9,1333.5121
1148,5,5464.503
1438,3,3093.3755
832,1,4247.369
59,7,992.2124
222,8,3451.5576
1275,3,2688.2805
353,6,2074.9604
237,4,750.017
1166,8,2510.545
399,8,2399.672
579,9,4080.7566
801,1,627.5527
654,6,1736.8381
1064,1,2959.2102
276,6,1937.8323
1132,0,978.68243
936,8,2832.2869
133,4,632.9849
196,0,608.96796
658,7,2753.0696
232,6,3171.4766
537,7,2889.5754
1006,8,3110.9866
862,9,1088.4452
990,4,536.7609
67,9,892.1368
278,5,3702.551
767,8,3744.1453
371,6,2202.1252
289,0,355.792
1168,8,1896.8374
668,6,1465.976
1036,6,2289.7495
1057,0,409.07367
519,9,3132.665
201,6,2955.981
636,9,2121.1594
1044,7,2319.934
798,9,2022.0101
1287,8,711.5491
71,8,2649.663
819,3,2506.6357
1281,5,1041.9741
498,8,2518.4038
400,6,3500.091
6,8,1641.4438
1160,8,2813.4585
1143,7,2467.7324
235,0,584.322
946,6,1758.2821
1091,5,4366.7856
927,2,1356.6959
917,4,581.9344
1469,6,2146.2625
711,6,3591.353
152,8,708.84265
716,6,3624.3972
88,2,2410.8164
311,3,573.8039
1474,9,3959.0579
804,7,837.70734
1006,1,2849.4631
274,8,980.699
750,6,831.95953
1380,2,1857.001
585,6,767.627
347,3,2781.9583
1454,1,708.3254
1285,6,1538.3385
445,1,1657.114
312,4,599.9041
265,9,3599.5586
1218,7,1474.9723
611,9,1706.8218
369,1,1349.4811
1074,2,681.2557
1196,3,811.47003
71,5,3810.8943
136,5,3476.299
832,9,4139.4
785,5,6204.1694
99,3,3394.6003
1485,6,3902.8745
1497,3,1410.0629
1271,5,2760.9443
1203,3,1421.6372
919,2,2114.5527
283,4,552.67426
652,2,3927.5972
1413,0,446.3894
1242,7,3117.6382
894,1,3931.667
488,7,3073.908
162,0,601.8266
1531,9,1806.0253
373,9,3095.8545
391,0,445.6713
202,8,1311.1501
65,6,980.8501
911,9,2236.8213
1320,6,3429.3398
854,9,3128.4858
471,6,2830.9731
1211,7,2131.2654
618,9,3137.3425
6,7,1637.7096
1470,1,3190.3213
1482,9,2689.5676
1290,1,688.2083
1159,9,2085.0996
1437,9,985.5418
167,1,2272.5059
792,1,2542.7827
344,5,4290.4985
929,1,2105.4385
1502,9,4671.516
575,5,2389.9565
1344,8,1308.8832
474,7,4184.1587
1120,1,1824.0524
1047,4,537.0563
137,8,1333.2812
1213,7,2017.0522
747,5,3297.1882
254,2,3178.034
919,0,317.55765
1405,5,2274.4507
856,5,4014.218
103,8,702.89417
1147,9,3174.7075
1110,0,458.99353
730,0,327.331
1434,7,1033.9879
1363,1,4001.309
742,1,3346.2166
350,1,1697.6941
592,2,1044.4349
256,9,3549.5427
97,0,636.54333
285,3,1170.5491
1402,9,2750.8367
258,5,3102.4434
1410,7,3763.8633
781,9,726.99347
484,8,2126.1396
658,0,564.5599
99,5,5742.735
963,7,1571.1044
132,4,621.9833
279,0,367.33243
1068,8,2525.9172
497,8,2136.1907
121,9,3983.9192
1409,7,608.3088
988,9,3391.0837
1005,3,2397.9429
509,8,2246.2656
619,9,2029.589
1345,4,689.22504
638,3,1830.6992
750,7,824.7334
1285,0,309.8959
676,2,1552.0889
1178,9,2593.276
995,8,2099.9966
365,4,731.70123
749,2,2606.433
179,9,2712.7175
22,5,2383.6726
1087,7,972.86633
1214,4,369.53207
1205,5,5556.397
1397,9,3228.1626
392,6,3201.9973
884,6,3574.8398
1090,4,590.95215
1239,0,297.77148
721,2,2459.7656
1364,1,698.6669
1501,1,1828.5629
754,2,1759.7062
758,4,689.85657
439,2,2623.774
1423,9,940.13477
551,9,830.61707
261,7,1248.3766
358,2,1422.9846
717,2,832.7121
904,5,6871.341
1141,3,798.15247
770,1,3351.1396
253,0,271.50372
924,4,580.60986
424,7,2489.2603
1067,9,1366.6091
0,5,3185.836
1029,1,1440.6213
21,1,1878.482
45,5,5146.3506
1123,2,1452.0243
99,8,3528.924
344,7,2813.264
323,8,1694.3861
421,7,2106.3245
913,8,2505.0898
13,5,5373.839
402,6,2790.9702
247,8,1699.4939
1031,3,2649.288
231,7,2107.2153
1025,8,2077.5454
161,4,334.9509
243,8,2521.172
995,9,2088.5945
329,1,807.02466
865,1,2788.8354
1059,5,2638.5334
538,3,2332.6702
632,2,2161.714
1082,1,1741.5164
1234,1,855.04596
335,3,1206.0618
1271,0,343.13345
966,8,1814.8247
601,2,2724.3174
1537,2,2235.9312
406,0,791.0238
581,3,841.481
310,2,1718.6854
694,1,1105.487
1399,5,1476.4061
1085,1,1693.9124
203,8,3971.9639
1224,1,2188.6199
1161,6,1900.218
59,2,895.42804
665,1,1705.8148
1019,6,1696.8007
79,6,3635.5352
438,8,1520.5471
1195,1,3309.7546
324,1,3434.5222
1137,3,569.5233
266,3,1295.7993
871,8,2395.5132
1149,2,3675.2053
471,8,2931.7324
473,1,2203.461
126,1,714.7615
1321,5,4197.558
1174,1,3569.3638
276,5,2731.6345
618,8,3116.002
36,0,513.6498
1036,8,2281.7979
87,1,3837.0127
1009,3,2299.099
711,2,3708.08
1262,3,2812.7073
450,5,2841.8257
1212,6,839.3106
1538,8,2052.3325
1252,6,655.7594
191,9,1394.1953
678,1,1524.5442
1311,9,3759.51
1526,3,592.7539
249,8,3112.011
557,9,3490.3708
814,9,3919.453
1207,7,1070.4602
710,1,1232.9924
907,8,1713.3523
121,4,578.85626
1147,5,5476.656
94,3,842.66156
1435,8,4181.0747
1068,4,476.44904
84,7,2465.8154
142,6,2143.5806
861,1,3051.3066
24,3,3734.545
1087,9,888.4638
828,4,466.64456
341,1,1059.9158
465,7,1816.9397
769,7,739.2084
1165,2,4333.311
1483,8,1665.7274
21,2,1833.259
26,7,3990.2756
510,0,659.67535
1533,9,1699.0411
6,4,332.2467
1276,7,2505.51
622,7,1301.7845
51,9,1679.7295
1026,5,3903.2349
1041,8,731.19666
394,3,2266.8489
1025,0,330.35046
501,3,1334.4519
774,2,3883.0205
237,5,5181.9927
379,1,4151.4604
959,3,3117.6313
933,1,3016.846
1301,2,3912.9744
945,1,811.2971
857,0,304.69156
1157,8,2609.1375
955,7,2738.6406
345,9,2377.591
65,2,980.5322
86,8,2819.9856
256,2,3454.1738
756,6,3898.2937
263,2,3165.6582
958,7,3074.339
533,0,317.46744
529,2,2896.413
1109,1,3055.3435
1333,9,3746.8782
346,5,3644.7852
1046,7,1334.677
657,4,333.52383
642,1,2559.7925
166,5,4980.3164
429,2,3795.2341
1076,0,305.7173
772,8,1893.5464
1378,0,207.9811
128,8,2276.5652
1045,5,2411.6936
30,6,1281.5007
880,0,303.51785
1533,3,1333.0109
1494,4,495.46848
124,8,3333.2942
1054,5,5406.989
660,5,5589.728
1409,9,608.3088
953,4,243.20462
612,1,1366.2958
149,8,2872.6982
1271,6,2344.0166
1373,9,2909.0332
1270,2,891.53845
197,2,1798.0868
1260,9,2896.592
1469,9,1994.8267
234,9,4949.53
564,4,403.99326
324,6,3726.8281
1463,6,2174.9932
1249,7,2874.8792
477,2,3571.996
777,8,2407.4216
387,2,3255.7866
1076,2,1486.3801
1447,0,338.5365
1147,1,3077.8328
332,7,3742.0469
656,2,2374.5046
703,2,2028.4515
792,7,2538.7388
625,0,255.77943
504,2,799.8599
475,7,997.7623
470,5,6844.9956
1148,1,3365.5903
878,5,3003.7449
9,7,2421.2185
452,9,3515.0913
647,1,2825.6365
1051,7,2504.126
1343,1,793.88745
1527,0,245.50589
725,3,2622.3972
1244,7,1671.6472
445,0,299.04144
780,3,3373.7405
872,6,1692.2869
667,2,3324.486
446,9,1612.0521
374,2,1769.1023
516,8,3067.2825
422,0,243.68893
237,8,3113.7551
543,1,3703.586
1498,7,2861.8157
1278,4,663.29504
1258,9,2395.5647
240,8,1967.6271
244,1,1332.9415
1365,1,2113.5916
183,6,1976.0433
1057,2,2439.4915
1305,7,2093.0955
677,1,728.9104
1169,7,1410.954
243,7,2391.8127
1172,8,1268.4604
1317,2,1557.71
180,1,3603.658
1310,2,626.2692
597,9,1399.4344
1442,3,3891.0918
255,2,2605.6294
750,5,1295.4297
678,0,293.3963
699,9,1485.5588
953,1,833.1112
918,5,5391.8677
1205,1,3091.6965
768,0,594.23346
992,7,2624.915
277,9,3662.751
1324,1,1755.1609
908,0,653.4303
395,8,2840.8105
1135,2,770.6596
289,2,2027.7288
1098,1,3375.527
580,2,2743.3518
1250,7,1480.383
1321,8,2617.1526
1445,9,3264.8997
1060,9,2115.936
469,5,5903.619
826,4,483.4081
1017,8,1414.6344
227,2,4113.1284
1240,5,3004.1074
1411,9,842.3699
1242,1,3152.2695
664,4,369.66333
811,1,2259.5757
851,2,796.68365
94,5,1671.1006
85,2,1377.702
223,2,3514.4348
751,0,365.02463
833,9,2387.2617
1177,4,481.87976
241,7,1475.3566
139,6,4075.2566
1532,3,2665.22
834,8,2154.7764
782,4,352.791
1442,6,3884.0942
503,8,2530.3342
327,3,1734.2686
635,8,2896.2756
1203,2,1672.5614
1264,3,1341.1556
960,8,2785.1113
744,9,3383.4492
36,7,2203.9304
613,9,1655.9043
1007,8,2470.7349
873,8,2515.918
714,6,1410.7197
1515,6,3151.6404
733,8,726.119
1457,3,4044.5203
144,1,861.946
929,2,1892.4106
303,5,5985.62
206,1,887.83344
756,4,607.5813
1437,8,979.70654
926,2,1314.9276
719,7,739.9162
176,8,937.1846
1346,3,3322.3467
1134,7,1657.9509
1283,9,3893.9285
672,5,3612.911
595,2,3136.5725
45,6,3082.1086
1062,6,1669.168
1136,3,2809.3489
216,9,2970.359
1190,3,2800.75
1261,9,2654.9849
168,6,3317.8396
169,7,2111.6667
770,6,3531.4832
982,7,2044.0598
978,1,2130.0908
968,0,527.5528
689,6,3906.5825
1059,4,337.80753
216,1,2534.3296
591,0,385.07303
1403,7,2168.2603
430,7,3929.263
1276,4,536.5923
434,6,2054.021
599,2,1623.4268
287,6,2184.8147
1502,6,4568.7637
285,7,1115.7091
741,6,1828.4624
786,7,2887.1055
634,6,909.87775
1477,0,462.4699
632,9,2090.9639
71,0,457.39908
1292,1,2008.5814
398,1,2030.8937
232,0,825.5034
867,3,3059.4758
659,0,565.31793
612,7,1380.8558
713,9,1763.093
1395,2,1695.874
435,3,1318.2184
601,8,2729.2095
1191,2,1975.2202
83,8,1014.0156
1523,3,1355.3202
354,8,685.345
715,7,3084.763
29,8,1426.0254
1067,1,1387.5391
376,8,1649.8333
718,4,312.1966
46,2,1836.6079
957,9,2088.6921
752,7,814.3395
165,5,4417.6123
1196,0,226.18837
277,5,6010.074
680,3,1279.1354
972,0,310.1315
289,6,1744.7866
1270,4,244.20842
664,7,1742.5377
285,1,1255.1292
1095,8,1227.3295
130,7,663.6716
1124,9,2856.5198
24,9,3808.9612
327,4,339.16043
673,6,2715.1958
8,9,861.51025
1357,8,3609.3953
989,1,818.8979
224,1,1670.6489
869,7,2135.4995
856,3,2371.0151
1121,5,5491.749
275,1,1879.6654
1297,9,3630.315
1359,9,3377.3613
26,2,3933.9993
352,3,1853.9111
111,4,599.5881
195,5,5438.2954
786,8,2844.3103
1174,2,3789.1033
406,9,4183.745
620,9,1668.5776
1323,9,1887.9679
307,9,2044.0924
245,7,3478.942
73,5,2035.9836
673,3,2450.7786
252,7,1979.1207
101,4,333.35522
307,2,2065.8218
232,1,3244.229
1189,0,611.42596
1153,6,1246.8457
914,0,345.0907
5,3,2218.334
582,6,3951.4673
657,6,1664.4298
573,1,2179.7266
698,5,2053.8984
272,0,602.3167
1212,5,1549.1891
1078,1,2274.8625
1112,9,712.9878
1159,3,1834.4
181,2,1429.9109
253,3,1368.382
687,6,982.5657
1542,1,2776.0066
1186,7,841.9753
1085,7,1673.0448
322,2,3515.006
33,7,2842.6216
1355,2,3019.6687
922,6,2784.722
351,7,975.53357
1247,0,350.1815
213,6,1532.4182
359,0,179.6958
707,8,2862.4822
185,8,3626.1555
1379,6,1042.1099
514,4,329.9935
140,4,333.9649
392,1,3074.0713
1488,3,2504.2825
592,5,1722.7219
1260,6,2923.4724
520,6,981.8894
203,4,551.54114
848,6,2542.1711
1226,8,1665.6232
43,2,3260.3962
1493,2,3510.3547
1334,2,563.82947
2,6,2828.3857
1280,7,722.9179
343,3,751.2007
1398,3,1820.2142
241,9,1462.0261
1026,6,2367.4888
844,4,312.80283
1440,9,2785.6707
264,7,2957.8662
1379,8,1089.6567
547,8,1560.95
483,2,1311.1431
868,3,3073.0972
18,8,1113.0024
596,6,1413.0815
482,1,793.1694
533,4,340.80148
894,7,3989.7437
332,8,3600.6035
792,3,2279.3472
215,2,4067.8987
790,7,1450.5931
1439,8,2510.688
321,1,2132.7473
377,2,690.5704
347,4,617.8616
58,0,567.1875
1320,9,3602.5627
1165,7,4399.207
702,2,1573.3486
780,9,4157.4395
1222,4,624.5047
679,1,4051.9922
548,6,2172.9148
301,3,2879.5212
81,3,798.5692
461,2,1949.3859
488,5,5131.607
65,3,851.5329
1497,2,1589.1062
76,9,3042.6826
34,9,2771.3855
901,6,990.5141
634,2,809.97705
233,5,5250.5483
1200,6,3904.343
1171,7,2180.3652
361,5,4419.934
1243,6,1557.2286
799,2,3493.9204
365,6,3205.111
1306,5,3741.999
171,1,2088.361
719,8,774.35406
375,1,3063.8
313,3,1328.8153
709,8,3930.7354
851,9,827.31244
891,9,2063.018
495,5,1339.8624
123,9,3103.527
1053,6,2960.5994
1245,1,2462.0889
483,6,1270.2218
876,7,1029.2054
935,1,1734.8677
81,6,982.7434
946,0,299.66165
72,7,1283.981
1289,7,2228.2117
971,5,2402.991
1508,7,2115.204
1027,5,5688.2495
643,6,1686.4011
1206,5,1796.3546
425,4,187.18976
499,7,1400.7014
886,6,1448.3479
249,9,3125.714
916,9,3207.2712
401,7,4165.8145
1236,7,1862.0095
532,1,2464.7285
80,8,2540.3596
30,0,250.14499
1302,1,1598.6011
1455,9,934.252
343,4,215.83931
926,6,1322.7012
1311,2,3705.0593
1490,0,595.5897
455,2,1738.5857
1031,1,2782.5693
1480,5,4176.4487
328,5,3790.1152
250,7,1745.8987
47,2,745.90704
1531,4,391.32123
1170,2,3195.299
592,1,1042.9648
1228,9,3639.5027
1308,0,414.0104
247,6,1704.2852
591,1,2476.0237
928,0,362.65973
1456,8,1040.0981
114,4,333.28793
1451,9,3287.8337
1294,3,852.1831
1158,6,770.96906
195,2,3977.2249
763,1,1718.2212
996,4,424.29825
457,6,1427.6917
706,6,1924.0364
1488,7,2374.2805
1084,8,759.9553
429,0,675.0162
743,9,1694.1484
56,6,893.19525
792,8,2529.151
438,0,300.98868
1018,8,1435.6196
16,8,1003.1311
1330,9,1531.8279
378,0,688.9304
1134,8,1632.7491
1516,6,3399.0283
649,1,4119.2886
1470,0,548.7667
448,7,3347.6404
1522,3,2188.1765
1177,8,2277.005
287,2,2247.0017
348,7,827.5306
1029,8,1417.5381
364,6,2343.7314
1204,9,1476.868
1350,7,1019.32056
618,5,4237.636
1251,3,1955.4858
1130,7,2537.8755
627,9,3317.3508
342,3,1298.8126
1067,7,1358.5345
1285,8,1451.5889
205,0,729.3533
382,8,1022.00366
1071,2,2338.6384
384,7,3008.0361
1451,4,706.667
3,8,2884.676
338,1,2942.6863
1002,9,3134.752
205,9,3851.3945
676,9,1409.17
893,1,2987.895
1391,1,3079.577
1372,9,3007.7925
608,8,1397.9656
436,3,1324.4241
751,8,2098.006
396,4,560.26733
185,7,3668.9873
1128,9,4008.4668
526,7,4260.1494
11,7,2534.5605
782,6,2263.3074
1483,7,1597.7012
430,9,3966.9243
1184,3,3691.2385
121,0,719.42285
409,9,3435.7314
1322,8,3525.6504
477,6,3723.9932
167,3,2239.072
674,1,3590.7898
944,0,244.48863
837,6,3796.5222
180,2,3449.2659
661,2,2332.379
1454,6,755.73096
304,8,1480.7054
479,3,2863.6372
914,1,2396.119
11,5,3564.8794
940,8,2290.9866
1127,7,1610.6157
182,3,1348.3607
934,5,4397.642
811,9,2165.7427
1380,3,1614.2487
379,8,3934.28
1333,6,3585.362
558,9,3990.8965
172,5,5446.9326
910,7,677.44147
241,2,1441.7052
280,8,718.5598
1467,8,4124.302
77,0,515.86066
567,6,1144.1587
642,9,2527.1433
759,6,951.4943
1,8,2313.3076
1348,9,3039.3613
322,7,3429.425
724,9,2051.6423
810,3,1223.1906
175,4,499.79974
583,2,2337.933
1048,0,321.91827
909,5,5030.748
1277,6,2133.5325
703,8,1897.8202
294,4,303.1913
1043,6,3175.1606
1506,4,401.66064
1341,5,2481.9421
1303,9,3149.4224
724,7,2076.3928
441,7,2407.3303
489,5,5515.9785
1108,6,755.30176
1176,8,3631.0806
669,3,2679.8865
503,7,2493.4297
1089,4,343.99475
1108,2,694.8856
325,5,3900.7556
955,8,2727.7769
489,1,3543.0483
1073,6,3819.379
872,5,2676.5588
1515,1,3054.6758
109,6,3886.1558
249,5,5181.0977
643,0,302.76797
738,8,3311.6084
764,8,3282.5815
163,4,580.53986
562,4,296.14307
1325,8,3557.8364
407,7,730.745
1068,3,2273.1462
292,3,825.9963
795,9,3479.1636
249,6,3254.5938
1017,6,1431.0643
557,8,3558.4004
706,1,2137.899
659,2,2500.491
1505,5,5166.6064
489,6,3821.3901
247,5,2682.2783
1463,8,2180.2373
1404,9,695.8567
1040,0,218.47713
426,2,3856.055
1528,5,5030.6885
636,7,2121.1594
1416,8,3231.2234
544,8,2817.1382
633,7,2887.8425
653,1,1904.1553
639,3,1279.6266
1145,9,1706.3854
748,7,3683.82
692,7,3230.7788
251,1,1799.3744
704,7,1306.367
1140,6,2576.0435
1023,9,2135.995
428,9,1474.4072
1318,1,2851.8203
693,8,2555.664
149,5,4832.8003
258,2,2146.874
1418,8,2383.3813
602,9,2162.7893
1358,1,777.70624
635,2,2784.3142
248,0,470.2541
383,8,1966.2142
795,7,3532.5774
452,0,564.20435
769,8,728.69806
1438,5,4621.8286
536,5,5516.1665
1292,9,1991.067
351,1,910.09033
477,9,3520.571
559,3,730.3997
728,5,5066.4053
381,2,2126.3308
1492,2,2795.875
384,6,3213.0486
903,0,425.77588
1244,0,325.25253
578,3,1386.3293
1381,6,2649.5789
1138,9,2892.678
761,9,3827.532
110,7,770.8508
339,1,2498.5637
38,6,2526.338
562,0,275.68747
505,5,2939.1333
1236,3,1668.1627
868,1,3760.6604
185,9,3668.0215
1512,8,3117.3562
224,5,2498.4946
290,2,3372.0645
1501,7,1838.7589
1537,3,2022.6091
787,1,832.7277
1012,2,674.31055
270,9,1642.388
1054,0,554.47833
1423,4,242.11005
82,7,958.396
775,9,3802.3523
335,8,1291.9623
1126,7,1473.8678
625,2,782.55566
1324,4,348.95312
236,2,4085.4207
710,8,1287.3114
1050,5,2842.5027
210,1,1581.1287
1041,3,737.5069
480,3,2712.3684
844,2,1428.8372
1058,9,2240.976
343,9,818.27136
597,8,1469.926
1483,0,331.29858
96,0,770.65735
1100,9,4011.7249
38,4,531.79694
1506,9,2254.431
733,6,744.3574
865,3,2607.159
1427,6,971.72217
1420,6,2880.003
437,7,2705.0789
505,2,2146.2112
397,9,933.0026
174,0,263.7138
498,7,2526.9504
964,0,246.88673
575,7,1601.8622
845,2,580.9175
1073,2,3542.3538
139,0,562.97314
60,0,554.83124
153,6,2412.7656
997,1,1401.09
555,7,4027.8528
922,8,2843.7969
1446,7,2122.9924
277,7,3698.47
1388,1,1744.6907
1522,7,2300.1313
1018,5,2459.9238
1542,2,2697.0737
217,1,856.91815
11,8,2495.7627
1182,1,1225.4556
647,6,3165.0027
69,8,926.4153
1012,8,768.5292
1435,9,4267.69
1000,0,505.25638
1335,7,3183.1602
1213,6,1987.5265
361,8,3774.8567
776,3,1309.6833
705,0,224.53494
95,3,2202.0796
1187,8,2787.948
1480,2,2554.3923
1496,7,2282.265
614,5,1398.1921
7,3,562.83203
626,1,2426.7944
938,9,4020.8945
1408,0,345.89368
582,8,3840.868
584,2,2562.8076
196,3,2948.8506
583,4,521.98425
1161,4,339.74374
525,9,1728.4332
1507,8,3938.5906
1525,1,2179.8792
29,3,1355.1433
162,7,3344.7793
1294,0,233.37947
335,6,1307.4553
119,5,1395.812
1158,8,850.9249
389,3,2618.3872
645,6,1694.6691
743,5,2667.2888
1178,8,2512.6223
309,0,198.805
974,3,1790.3518
1241,3,3573.7046
1335,2,3250.094
912,5,973.89246
1490,7,3051.7212
904,7,3995.6028
1402,2,2748.0413
558,8,3759.3816
190,2,3909.7307
93,6,895.30145
928,5,3077.719
658,1,2807.615
729,1,3384.2104
623,4,673.2451
1319,8,1917.4851
1426,7,1728.1104
1320,8,3349.7563
1050,1,1893.0795
1364,6,745.5396
89,5,5099.8623
137,1,1246.3586
1068,0,396.69098
1443,6,2198.8948
1405,4,239.41171
1154,5,2902.1787
1136,6,3721.2615
460,5,2304.7625
187,6,739.9386
1272,0,319.9929
980,1,3033.4678
559,0,204.05585
841,3,629.8337
1440,6,2554.7834
883,4,244.63763
319,7,2438.9434
974,8,2069.28
414,7,1732.7963
704,0,268.0333
624,4,615.9191
990,2,2951.9248
1036,3,1949.293
915,5,1730.1002
1135,7,811.76044
1489,5,3478.074
1495,9,3317.8054
921,6,4215.817
1431,5,2565.6194
1246,2,2932.215
248,6,3280.4744
965,6,731.8071
896,7,1926.7451
688,9,2878.8547
1501,3,1508.8011
748,6,3762.825
510,8,3669.6365
428,7,1474.4072
1493,1,3308.3005
708,0,595.80054
938,5,6416.328
284,0,629.4776
155,1,3727.6675
1471,4,340.09155
730,4,337.12442
789,9,2515.918
573,0,321.77347
539,1,2049.013
1094,3,1788.615
1277,3,1830.1237
795,3,3272.8206
599,8,1490.4921
29,0,296.16467
793,5,2788.955
1269,8,1942.2493
898,9,2499.0479
694,7,1156.0052
1479,1,781.9417
997,5,2369.5967
327,8,2025.8644
899,4,297.47244
939,5,2436.9976
1203,7,1658.0427
261,6,1319.5739
52,0,422.36356
1540,3,3627.131
1377,7,1407.6709
1496,3,2147.9421
108,6,1378.3716
890,3,1690.1794
1016,4,357.74084
1314,3,3310.5984
901,1,815.0997
1411,8,772.46484
258,8,2107.824
656,8,2341.4136
1325,1,3722.776
783,8,687.855
237,1,3051.3066
1225,1,3119.344
91,9,3045.79
269,6,2424.6328
17,0,295.6488
1051,2,2537.2952
294,8,1306.2108
812,9,3655.741
1159,4,384.44135
799,7,3360.312
129,5,3373.7898
1463,3,2146.6624
1178,6,2511.9153
1286,7,2700.9714
1291,9,2458.6726
1426,8,1737.784
1303,4,554.8008
363,3,2180.6077
204,2,2300.4685
1327,9,2715.7483
979,6,814.9112
906,5,4252.666
1488,6,2476.9973
536,1,3077.51
608,9,1390.1635
464,6,3166.7383
662,3,876.25323
276,2,2359.102
734,2,3874.6729
208,5,4841.39
15,7,2302.3613
1315,3,1777.4446
511,9,1292.0951
607,7,681.7844
1314,5,6247.0835
1401,6,2123.696
1073,1,3825.712
465,1,1880.7113
1049,7,2620.557
1046,8,1316.5305
1365,4,388.7797
757,7,1432.4753
965,7,690.18835
938,0,632.75916
482,6,818.9866
679,8,3815.3535
1061,6,1372.4203
674,9,3446.9866
132,5,4417.6455
45,9,3087.5674
752,4,235.54242
1517,5,4618.127
565,3,1700.7688
1231,9,1346.7437
900,3,3095.87
1462,3,2720.5823
1465,6,1443.0258
1031,8,2842.9207
32,2,1530.9082
684,1,2581.581
553,1,2962.6296
1134,3,1419.1279
1080,8,3161.7717
1125,3,2819.235
118,4,428.19757
997,2,1428.6056
1200,8,3759.446
649,7,3838.9956
1495,0,553.7056
460,7,1416.1552
408,3,978.7335
1271,7,2314.8958
870,9,3898.4285
735,6,4056.1167
169,1,2213.659
139,3,3936.3232
1176,0,581.0986
1169,6,1419.4795
1324,2,1730.6063
1455,4,248.35088
1424,1,2618.9126
1305,4,339.23004
148,6,2978.354
679,5,6699.112
433,8,1726.6526
1185,2,3283.3154
1420,7,3002.4949
218,8,2489.8086
427,9,1356.1687
1162,5,1756.1813
772,4,357.81268
735,1,4118.5684
1310,3,498.39642
1160,5,4496.7803
1185,7,3572.9797
1492,9,2689.5676
1480,9,2535.3208
528,8,672.46686
835,1,2688.6667
651,1,1959.8602
506,9,1958.8652
1209,5,3778.4004
777,2,2395.9707
1163,5,1897.1173
573,8,2104.6282
287,9,2164.5151
889,3,1681.3175
490,9,1675.6676
525,7,1728.4332
319,1,2472.676
101,1,1531.8746
273,9,760.4999
347,8,3087.9805
1143,6,2487.1533
123,3,2701.2097
414,1,1713.7262
227,8,3961.9878
1021,7,2651.1482
60,2,2253.5864
481,1,2705.928
966,4,357.716
391,4,446.71658
816,9,1535.2518
1291,2,2371.1177
321,8,2084.2773
1422,8,1699.5399
1212,1,802.2703
949,2,1626.1592
433,0,306.92477
288,7,2003.3098
1375,1,4569.26
541,1,890.2629
668,2,1602.3821
1379,0,247.88261
12,9,1540.426
946,2,1693.1381
304,5,2854.2354
1282,3,1668.892
1532,0,508.1132
581,9,934.8458
576,2,1722.1819
275,6,1976.154
842,2,2842.2493
1167,2,3451.2163
978,7,2000.5963
662,1,845.57513
453,1,2565.5598
329,0,198.30833
1105,2,2983.9917
806,9,1979.0775
1032,5,1868.9022
1009,0,384.7581
1165,0,640.2875
1374,5,6122.4673
41,2,744.5075
1108,8,742.75745
379,7,3989.7437
1123,0,275.56082
161,9,1717.6078
439,3,2514.547
223,0,579.91785
935,4,346.09348
891,0,371.12927
1484,8,1730.1798
316,9,1472.9205
590,6,1380.8558
267,9,1513.6876
1226,9,1677.0632
1018,7,1419.1233
816,7,1535.2518
206,9,885.66016
1460,7,2614.7476
724,3,1924.8063
462,7,2133.1616
646,5,990.9614
177,2,2867.5024
1001,2,4167.1245
451,6,1406.9176
413,4,184.9841
917,9,3756.5002
119,7,887.904
946,3,1691.6593
502,2,1062.7451
47,5,1241.8728
1358,9,834.23663
193,7,2424.7483
637,6,1623.8497
305,3,2170.904
834,4,361.43146
1052,0,358.37848
612,9,1388.9304
993,3,1696.0464
1210,2,2187.9321
1358,0,204.35449
834,6,2154.4746
374,1,1668.1072
523,8,1679.0956
748,9,3883.1355
401,8,4122.9824
418,5,2775.047
1508,8,2100.3079
75,2,1180.1041
837,2,3812.673
758,6,3893.8828
401,6,4137.9985
100,2,688.7407
1192,5,2690.0872
189,8,2867.348
653,4,343.8654
1290,6,753.68524
1131,1,2076.6157
1232,7,3381.0842
44,9,4076.861
117,4,333.9649
592,6,1137.141
1435,6,4078.3271
911,4,476.89304
519,6,3223.637
379,3,3674.8447
166,6,3369.5735
1423,2,895.67554
1225,7,3165.7288
1442,1,4052.633
763,0,315.38965
594,5,3166.5393
3,6,2422.084
525,8,1726.6556
700,3,2459.1292
691,3,3655.199
186,6,2068.5327
355,7,1710.3074
150,1,2171.598
1338,2,2404.509
1234,0,220.86745
1012,9,755.6653
676,1,1496.7555
1003,2,2358.1335
46,1,1878.1472
861,6,3167.0154
893,8,3065.9128
921,1,4380.153
1119,5,6317.4126
546,8,1589.6282
0,9,2018.5814
1181,2,851.9236
1491,1,2976.8948
291,1,3049.0962
820,3,2491.274
1435,7,4193.144
749,7,2619.001
1500,4,388.11905
658,3,2453.4036
1215,3,3155.9988
1224,9,2048.552
1374,1,3946.1975
1341,8,1361.7394
938,8,3961.9878
1049,9,2852.293
1224,6,2132.5813
664,1,1886.988
871,4,518.5775
1248,7,2107.7695
305,8,2243.334
504,6,824.0167
960,0,684.76434
167,5,3722.9424
1512,6,3117.3726
1280,2,626.11505
761,4,565.2525
340,9,2067.1013
220,6,3695.7236
425,1,699.7401
467,1,1275.1847
391,7,2108.5159
635,4,478.84445
198,1,1462.209
1463,4,403.62262
94,7,966.0936
704,4,297.6289
165,8,2757.356
1137,9,727.6535
1101,7,3288.1357
431,3,734.62573
184,4,452.9186
366,4,527.1563
341,8,990.75757
1486,8,2057.6504
1426,6,1765.5719
663,5,1623.4779
989,9,931.06805
1375,2,4234.7524
962,2,2444.28
371,9,2161.3145
856,9,2511.7373
521,1,2216.5127
68,6,1082.8585
805,8,3806.2869
104,6,3329.6843
729,8,3514.9092
817,5,2697.7378
1048,7,2077.282
918,9,3183.705
518,5,2717.3032
439,8,2625.0588
1067,5,2227.3706
607,9,720.2723
1079,2,3137.5625
599,9,1539.9387
330,8,2110.2693
1132,9,3828.893
757,2,1382.0647
1149,7,3564.6426
799,9,3306.1038
568,5,3850.5303
1174,7,3671.0786
772,2,1867.8162
671,9,3205.3867
733,2,683.54004
852,1,2486.7117
1241,0,729.9344
593,3,3296.3376
1210,6,2120.6143
560,1,2302.219
118,5,2815.8777
824,1,2430.6902
785,6,4105.7397
312,1,2816.1821
1459,8,713.28345
459,7,1075.1062
462,4,332.40268
824,0,442.68024
522,6,2098.5562
1086,6,1466.7096
784,3,1483.9777
749,1,2599.857
317,5,4434.0503
266,7,1387.4415
179,4,567.50934
487,3,2918.2878
1494,1,2514.151
835,7,2672.8425
445,2,1625.3438
765,4,367.753
874,3,1167.4258
646,7,731.51227
527,3,2682.901
74,2,1310.9298
12,2,1565.42
31,1,1545.8856
1514,9,1964.3357
820,2,2568.4014
139,7,3923.011
15,4,555.87976
801,5,948.6092
586,1,1788.9498
632,6,2350.634
1406,1,4220.775
302,6,1733.2294
349,9,1413.5774
1477,4,462.82373
520,3,832.1442
324,8,3635.4407
1209,7,2624.6309
142,8,2150.4585
562,9,1382.202
351,9,975.53357
448,1,3069.8342
85,1,1263.7078
87,8,3616.5156
14,9,2502.9846
872,4,337.12442
468,3,2928.7761
1214,3,1726.0853
1520,5,4918.0547
1415,4,538.96204
389,1,2788.264
485,6,1438.4174
97,9,2766.7385
212,8,1452.7031
1171,5,3354.0388
113,2,2580.7634
1190,6,3198.0613
401,1,4156.0493
349,3,1317.2305
139,5,6271.1445
685,0,349.58853
580,8,2735.3489
856,1,2430.8193
23,6,915.33234
794,5,949.90045
595,9,3326.709
604,7,746.86633
593,9,3936.4739
1399,8,821.2056
693,6,2534.5771
216,7,2578.492
488,6,3182.5847
501,6,1476.259
440,3,1893.8871
788,1,1851.1969
934,8,2774.865
271,7,2018.4819
363,8,2270.615
796,2,3175.4458
1387,2,2728.1553
896,6,2059.714
479,9,3487.6147
1298,7,2831.247
1230,0,715.52924
822,4,339.3652
757,3,1310.5519
1101,4,539.2921
218,2,2487.352
629,3,2746.9275
1047,1,4574.245
1472,3,2512.076
686,9,4042.9094
920,6,3209.8994
295,9,3585.4272
1115,2,4277.5317
464,1,3029.38
74,8,1314.2723
1364,9,772.0632
1098,7,3428.8076
367,4,518.431
442,4,336.43784
504,9,816.7906
985,2,1664.5203
112,3,3193.623
354,7,687.43134
502,6,1086.573
72,6,1292.988
559,9,822.4839
680,7,1398.238
967,2,4059.4307
1474,5,6100.764
890,5,2728.2134
551,2,799.1876
43,1,3609.0884
675,0,331.2022
1392,7,2845.2686
315,6,1375.9938
620,7,1748.6915
690,3,805.5882
985,1,1664.0724
1256,3,2690.565
1417,9,1615.9154
480,8,2837.4136
1215,8,3178.3896
1045,8,1371.3331
1020,7,648.5593
1219,6,1363.9048
696,0,617.88324
1087,1,843.97205
1099,7,2660.535
942,4,226.76956
1467,7,4337.2974
1276,2,2371.9297
158,2,3376.7185
806,8,1983.9707
1299,9,1331.0985
304,2,1476.8376
1427,2,908.45984
849,6,3168.015
123,1,2857.9316
849,4,510.04654
1119,0,611.29877
1024,5,5188.125
800,5,2527.3303
136,7,1806.8625
220,0,636.9325
648,0,630.54565
1064,7,3165.6921
526,4,769.995
640,8,972.23645
1064,6,2984.9822
1192,9,1671.2261
1295,5,5251.215
687,7,926.28094
787,0,226.9642
1518,3,2523.3909
340,8,1978.732
1462,5,5126.2427
1437,5,1786.787
1121,2,3880.076
467,6,1184.8893
268,5,3486.5715
240,1,1987.9679
529,7,3156.2888
1014,0,193.87788
1114,5,6022.0674
600,4,244.55074
4,8,2652.2722
391,5,3449.567
936,9,2726.5103
1343,6,973.2258
936,3,2813.5078
495,8,816.9002
11,4,530.6187
1533,2,1743.2505
536,9,3344.799
1113,2,3212.3535
320,6,1748.1136
1351,9,1696.5815
33,2,2900.9614
1052,8,1684.5746
1187,2,2815.2898
1035,1,2500.0413
357,4,592.47034
170,6,2914.9094
870,5,6538.1724
995,1,2214.2358
488,0,516.32275
457,8,1414.3903
1213,1,2024.3778
896,1,2233.0747
327,2,2050.3606
162,9,3472.4478
1016,8,1673.5652
603,4,357.81268
682,1,2209.7588
1342,2,2138.5718
708,7,2718.7183
1148,3,2856.5127
928,4,339.91895
285,9,1209.3923
1517,1,3315.5315
1319,3,1676.2935
1497,9,1682.967
1466,6,1618.1125
257,7,1727.2994
346,8,2188.9868
61,4,532.83905
259,9,3659.9023
441,4,541.4106
1039,5,4755.464
1365,7,2094.609
1531,6,2061.9556
459,1,1070.8005
1284,3,846.1618
492,8,1275.5006
24,5,6568.5415
651,6,1905.1333
696,5,6724.143
1155,8,3975.3406
1122,7,1549.9532
1106,2,1877.5668
438,5,2648.2517
1520,2,3535.953
288,5,3419.769
65,4,238.34932
35,3,3438.307
195,1,3937.5212
450,1,1962.4016
1364,3,582.26465
307,8,2202.8584
1483,5,3004.1313
373,5,5134.827
74,7,1303.9375
50,6,2435.2732
1530,4,527.816
446,2,1600.1953
1340,5,3038.9692
456,5,2881.5298
1208,3,1258.4913
547,2,1607.0413
49,3,1146.9873
1388,5,2708.1812
1262,6,3121.085
1534,6,3624.4229
996,9,2014.5074
1270,5,1849.8912
734,1,4200.992
365,8,3237.0222
1392,9,2777.9058
126,3,622.85516
432,8,2203.6467
275,3,1802.264
337,3,808.1361
80,1,2546.4739
1457,1,3804.8528
726,6,945.0746
1506,7,2254.431
1131,2,2093.7551
1360,7,1600.4459
1421,0,237.68571
1328,8,2102.584
943,5,2972.745
61,8,4139.2144
1141,0,231.21555
57,9,3046.9587
987,9,1340.1431
544,9,2903.0417
44,5,6372.393
262,6,1850.693
734,8,3671.2317
1223,5,1514.8748
1171,4,412.01782
62,6,2760.0474
683,7,3872.4624
1057,9,2450.9424
1123,3,1355.5588
719,2,697.8864
532,5,3740.0427
1525,0,419.8512
326,3,3067.268
926,0,250.26613
804,8,804.8335
337,8,955.631
222,1,3397.602
1314,6,3320.4146
1363,3,3316.7263
937,4,197.09978
271,9,2113.7146
517,9,3378.0337
1249,2,2882.3638
1015,5,4966.4033
822,0,328.14935
474,3,4221.883
384,3,2872.6628
1269,4,353.1949
1355,5,5066.809
1118,2,2519.5913
605,7,2062.2454
1296,6,705.98175
88,9,2534.2766
328,1,2597.1558
1169,4,321.42093
1411,7,771.4203
1460,2,2657.7847
125,2,3150.7856
702,0,335.87735
514,5,3038.9844
1516,1,3544.0615
425,9,690.6342
310,7,1636.5964
716,2,3807.3933
274,4,254.10948
872,3,1427.8718
223,6,3559.18
1018,4,292.25052
207,1,3072.8342
169,6,2126.457
679,3,3267.6902
711,4,486.42813
208,9,3244.5308
93,8,890.74585
455,5,2717.1108
471,7,2933.0083
973,3,488.71414
281,9,2934.9194
282,8,2440.3076
666,0,529.23175
178,3,2761.1414
643,8,1688.4763
361,0,681.7019
885,3,1829.5894
1376,1,2361.336
1222,7,3912.1482
685,1,2287.6392
529,9,3001.1064
405,4,580.4518
1232,6,3373.5637
1422,1,1782.3784
957,6,2085.5483
1086,9,1462.874
1359,3,2825.54
177,8,2051.385
1100,3,3362.1519
1188,2,3230.709
790,2,1464.4497
616,9,3087.557
433,3,1431.1669
1447,6,1864.1952
934,6,2803.6187
1480,3,2444.1484
93,0,219.47643
1445,8,3215.5774
1395,9,1664.2555
135,5,3248.5288
979,3,779.419
1187,5,4735.714
417,6,1940.9633
118,3,2119.618
1270,9,944.6067
555,9,4125.5645
717,7,819.90485
911,1,2367.173
1082,5,2652.2332
813,6,1906.86
385,1,2940.9875
174,3,1349.9031
1482,3,2746.699
1202,6,2149.891
755,5,2644.776
1448,7,3581.4934
1275,2,2877.495
811,3,1904.4784
414,8,1679.4019
768,8,3809.05
613,7,1655.9043
1243,3,1386.5073
47,6,821.3814
378,2,4196.6313
1099,6,2609.9556
1171,9,2627.4985
399,1,2394.79
187,2,666.19995
602,4,359.47253
1127,8,1544.1666
1450,1,3115.13
451,7,1343.7761
1000,6,2431.4668
957,0,329.3379
542,7,1611.8325
650,9,2949.6309
347,1,3019.519
475,9,829.3206
640,9,957.044
1499,9,913.1467
943,1,1940.9448
1202,1,2445.9229
953,2,898.11426
1054,3,2701.6042
961,1,2036.9932
1391,5,4873.482
498,3,2401.4978
296,8,2601.3494
1094,5,3301.3872
950,5,3399.8413
702,1,1582.7892
1441,3,1477.3623
1504,1,2088.889
474,0,517.6537
1326,0,694.5576
941,9,1995.2484
1314,2,3320.4146
1383,6,711.0701
216,2,2587.3652
204,8,2324.954
273,8,761.54443
1332,1,2016.0995
160,0,323.2802
60,1,2230.3188
1023,1,2275.9553
1313,4,345.04526
413,7,633.58496
976,3,1345.9277
159,9,3106.9578
1181,8,854.789
512,7,3880.8508
1507,3,3694.0244
572,3,2843.2852
381,8,2113.6863
760,9,2075.9602
974,5,3102.8245
629,2,2830.9949
1371,8,3609.3953
512,4,699.07874
484,3,1964.3289
113,8,2592.7197
137,3,1194.635
147,4,331.4528
1420,1,3399.4634
697,7,3699.662
1088,7,3294.899
1496,1,2339.9663
328,8,2605.0168
1261,3,2343.3281
45,2,3037.3635
192,1,3829.848
745,5,6889.1777
740,8,3551.9807
1470,3,3130.5376
892,3,568.69025
155,2,3695.0918
658,6,3191.2705
356,5,6488.313
57,3,2324.3096
1069,3,1328.87
964,2,918.6443
1057,8,2450.9424
199,7,4148.262
1341,9,1363.8257
1477,3,2707.406
400,3,3070.6953
744,2,3199.3604
798,5,3194.0579
605,5,3085.5269
1102,5,4643.8696
887,1,1956.9147
1499,6,941.7658
291,3,2745.1333
146,7,2346.177
882,3,2796.0732
618,1,3037.984
1501,5,3479.1804
1470,8,3245.1128
681,3,2630.2751
111,8,3691.8599
1313,8,1641.5848
1398,2,2043.3534
502,5,1657.5009
1336,9,806.4367
1365,9,2094.609
780,4,608.98566
1187,9,2890.0273
841,9,761.91705
537,9,2944.3848
141,7,766.29846
553,5,4582.5
64,7,1398.4791
240,0,430.66208
290,1,3355.7883
747,7,2035.8918
704,6,1314.8925
808,1,2392.5713
1129,5,3860.3682
259,5,5590.978
1001,8,4048.4312
602,1,2292.3801
107,9,3322.3665
550,1,3283.8184
58,5,4975.1846
550,2,3464.6667
70,3,1071.2023
14,3,2851.6685
27,5,1264.3064
375,8,3179.514
1219,8,1345.6528
262,0,368.99173
666,5,5239.8545
686,2,3993.075
144,9,949.3065
1325,9,3716.567
383,3,1799.5348
115,8,768.88605
1093,9,1097.6488
231,8,2140.0745
306,3,2622.3918
1412,7,2037.6095
517,2,3865.7046
987,7,1347.7832
